cycle_id,well_id,start_time,injection_mass_t,injection_pressure_bar,injection_duration_d,soak_duration_d,cutoff_rule,oil_bbl,water_bbl,sor_t_per_m3,avg_fillage_pct,energy_per_bbl_kwh,failure_prob,cycle_days,peak_oil_bopd
BGW-001-C01,BGW-001,2019-10-05T00:00,1117.1,124.0,5.59,4.0,production_days=184,3392.8,6092.9,2.071,36.8,256.39,0.242,193.6,21.9
BGW-001-C02,BGW-001,2020-04-18T11:02,1089.7,124.0,5.45,4.0,production_days=165,2862.7,5940.4,2.394,37.9,295.87,0.208,175.4,20.1
BGW-001-C03,BGW-001,2020-10-12T11:29,1176.2,124.0,5.88,4.0,production_days=149,2503.4,6190.4,2.955,41.7,364.33,0.185,158.9,19.1
BGW-001-C04,BGW-001,2021-03-22T00:48,1242.6,124.0,6.21,4.0,production_days=147,2371.3,6421.7,3.296,42.7,406.03,0.183,157.2,18.2
BGW-001-C05,BGW-001,2021-08-28T03:21,1116.7,124.0,5.58,4.0,production_days=148,2186.8,5917.2,3.212,38.9,396.09,0.186,158.6,16.7
BGW-001-C06,BGW-001,2022-02-03T09:22,999.5,124.0,5.0,4.0,production_days=189,2438.9,5795.8,2.578,31.0,319.16,0.229,199.0,15.3
BGW-001-C07,BGW-001,2022-08-23T12:14,1117.6,124.0,5.59,4.0,production_days=186,2338.1,6264.3,3.007,33.1,371.56,0.226,195.6,14.7
BGW-001-C08,BGW-001,2023-03-08T23:01,1205.2,124.0,6.03,4.0,production_days=179,2190.5,6500.5,3.461,34.5,427.09,0.221,190.0,14.1
BGW-001-C09,BGW-001,2023-09-16T04:53,1119.2,124.0,5.6,4.0,production_days=165,1866.0,5896.2,3.773,33.7,465.41,0.205,174.6,13.1
BGW-001-C10,BGW-001,2024-03-09T22:35,1089.0,124.0,5.44,4.0,production_days=183,1918.9,5941.5,3.57,30.6,440.97,0.225,193.4,12.4
BGW-001-C11,BGW-001,2024-09-20T09:36,1207.9,124.0,6.04,4.0,production_days=164,1702.9,6011.8,4.461,33.7,549.75,0.206,174.0,12.1
BGW-001-C12,BGW-001,2025-03-15T19:05,1082.6,124.0,5.41,4.0,production_days=181,1699.2,5725.4,4.007,29.4,494.86,0.224,190.4,11.3
BGW-002-C01,BGW-002,2019-10-05T00:00,915.6,124.0,4.58,5.0,production_days=178,2214.7,4738.6,2.6,23.9,322.08,0.249,188.6,15.4
BGW-002-C02,BGW-002,2020-04-12T07:53,878.6,124.0,4.39,5.0,production_days=154,1828.9,4452.0,3.021,25.1,373.5,0.217,163.4,14.6
BGW-002-C03,BGW-002,2020-09-23T14:24,881.3,124.0,4.41,5.0,production_days=195,2139.3,4742.5,2.591,21.6,321.44,0.265,205.4,14.0
BGW-002-C04,BGW-002,2021-04-18T08:22,865.3,124.0,4.33,5.0,production_days=174,1840.8,4563.8,2.957,22.5,366.13,0.242,184.3,13.3
BGW-002-C05,BGW-002,2021-10-22T08:13,866.8,124.0,4.33,5.0,production_days=158,1624.7,4444.4,3.356,23.5,414.93,0.226,168.3,12.8
BGW-002-C06,BGW-002,2022-04-10T03:48,950.1,124.0,4.75,5.0,production_days=148,1521.7,4638.7,3.927,25.4,484.65,0.218,158.8,12.5
BGW-002-C07,BGW-002,2022-09-16T20:21,898.5,124.0,4.49,5.0,production_days=155,1481.3,4484.7,3.815,23.7,471.31,0.224,164.5,11.9
BGW-002-C08,BGW-002,2023-03-02T19:47,988.4,124.0,4.94,5.0,production_days=169,1579.0,4919.2,3.937,23.6,486.31,0.243,178.9,11.7
BGW-002-C09,BGW-002,2023-08-30T03:23,865.8,124.0,4.33,5.0,production_days=172,1466.3,4461.0,3.714,21.1,459.51,0.242,182.3,11.0
BGW-002-C10,BGW-002,2024-03-01T18:45,780.3,124.0,3.9,5.0,production_days=182,1406.7,4165.1,3.489,18.8,432.52,0.246,190.9,10.2
BGW-002-C11,BGW-002,2024-09-10T00:27,781.9,124.0,3.91,5.0,production_days=179,1335.8,4120.8,3.681,18.6,456.22,0.244,188.9,9.7
BGW-002-C12,BGW-002,2025-03-19T20:36,866.7,124.0,4.33,5.0,production_days=177,1311.2,4366.7,4.157,19.7,514.28,0.245,186.3,9.5
BGW-003-C01,BGW-003,2019-10-05T00:00,1108.1,124.0,5.54,4.0,production_days=156,1927.8,5218.7,3.615,34.2,446.02,0.259,165.5,14.2
BGW-003-C02,BGW-003,2020-03-19T11:00,1019.6,124.0,5.1,4.0,production_days=131,1529.6,4611.4,4.193,35.1,516.65,0.224,140.1,13.4
BGW-003-C03,BGW-003,2020-08-08T20:55,1169.2,124.0,5.85,4.0,production_days=136,1593.0,5136.9,4.616,36.7,568.33,0.234,146.8,13.2
BGW-003-C04,BGW-003,2021-01-04T04:22,1239.7,124.0,6.2,4.0,production_days=157,1754.3,5606.8,4.445,34.8,547.6,0.265,168.2,12.8
BGW-003-C05,BGW-003,2021-06-23T16:24,1182.6,124.0,5.91,4.0,production_days=143,1503.5,5152.5,4.947,34.8,609.14,0.245,152.9,12.1
BGW-003-C06,BGW-003,2021-11-24T21:49,1096.5,124.0,5.48,4.0,production_days=134,1325.5,4706.3,5.203,33.7,640.56,0.233,143.5,11.4
BGW-003-C07,BGW-003,2022-04-19T07:27,979.8,124.0,4.9,4.0,production_days=134,1232.0,4326.4,5.002,31.0,616.47,0.235,142.9,10.8
BGW-003-C08,BGW-003,2022-09-09T06:53,995.6,124.0,4.98,4.0,production_days=135,1201.1,4340.8,5.214,30.7,642.48,0.239,144.0,10.5
BGW-003-C09,BGW-003,2023-01-31T07:27,1086.2,124.0,5.43,4.0,production_days=135,1190.6,4536.3,5.738,31.7,706.43,0.242,144.4,10.3
BGW-003-C10,BGW-003,2023-06-27T02:51,995.7,124.0,4.98,4.0,production_days=155,1255.9,4511.9,4.987,27.7,615.31,0.27,165.0,9.7
BGW-003-C11,BGW-003,2023-12-10T08:24,1204.6,124.0,6.02,4.0,production_days=135,1137.7,4687.5,6.659,32.3,818.96,0.246,145.0,9.7
BGW-003-C12,BGW-003,2024-05-06T01:17,1155.5,124.0,5.78,4.0,production_days=130,1043.4,4403.6,6.966,31.4,856.6,0.24,139.8,9.3
BGW-004-C01,BGW-004,2019-10-05T00:00,1189.8,124.0,5.95,5.0,production_days=137,2376.4,5869.3,3.149,44.9,388.24,0.238,148.9,19.3
BGW-004-C02,BGW-004,2020-03-04T14:35,972.7,124.0,4.86,5.0,production_days=142,2136.6,5044.3,2.864,38.0,353.81,0.248,151.9,17.1
BGW-004-C03,BGW-004,2020-08-06T10:34,1136.9,124.0,5.68,5.0,production_days=157,2313.6,5888.1,3.091,39.0,381.64,0.271,168.7,16.7
BGW-004-C04,BGW-004,2021-01-23T20:03,1249.3,124.0,6.25,5.0,production_days=155,2187.5,6263.9,3.592,41.0,442.94,0.267,166.2,15.9
BGW-004-C05,BGW-004,2021-07-10T14:54,941.2,124.0,4.71,5.0,production_days=160,1919.3,5076.7,3.084,32.7,381.55,0.275,170.7,13.9
BGW-004-C06,BGW-004,2021-12-29T14:09,1216.0,124.0,6.08,5.0,production_days=161,1973.1,6108.2,3.876,37.5,478.16,0.279,173.1,13.8
BGW-004-C07,BGW-004,2022-06-20T21:39,978.6,124.0,4.89,5.0,production_days=136,1476.4,4826.5,4.169,34.9,514.31,0.241,145.9,12.5
BGW-004-C08,BGW-004,2022-11-15T03:19,1241.2,124.0,6.21,5.0,production_days=140,1561.0,5667.8,5.001,38.6,615.73,0.25,152.2,12.4
BGW-004-C09,BGW-004,2023-04-18T09:15,1216.7,124.0,6.08,5.0,production_days=146,1511.9,5577.2,5.061,36.6,623.35,0.258,157.1,11.8
BGW-004-C10,BGW-004,2023-09-22T21:30,1198.8,124.0,5.99,5.0,production_days=158,1534.6,5635.8,4.914,34.0,605.64,0.279,170.0,11.2
BGW-004-C11,BGW-004,2024-03-11T16:42,1166.8,124.0,5.83,5.0,production_days=133,1242.7,5006.6,5.906,35.1,726.79,0.247,144.8,10.6
BGW-004-C12,BGW-004,2024-08-03T21:11,1105.3,124.0,5.53,5.0,production_days=129,1138.6,4685.1,6.106,33.7,751.48,0.244,140.5,10.0
BGW-005-C01,BGW-005,2019-10-05T00:00,1137.9,124.0,5.69,4.0,production_days=140,1881.7,5262.6,3.804,29.1,468.94,0.334,149.7,15.9
BGW-005-C02,BGW-005,2020-03-04T12:19,1227.0,124.0,6.13,4.0,production_days=156,2019.6,5754.2,3.821,28.4,471.28,0.365,166.1,15.5
BGW-005-C03,BGW-005,2020-08-20T05:39,1219.2,124.0,6.1,4.0,production_days=162,1977.2,5776.5,3.879,27.3,478.51,0.378,172.1,14.7
BGW-005-C04,BGW-005,2021-02-10T13:16,1252.5,124.0,6.26,4.0,production_days=160,1883.6,5841.5,4.182,27.4,515.77,0.381,171.3,14.1
BGW-005-C05,BGW-005,2021-08-01T23:29,1115.3,124.0,5.58,4.0,production_days=171,1803.7,5434.3,3.889,24.2,480.45,0.394,180.6,13.1
BGW-005-C06,BGW-005,2022-01-30T04:03,1390.0,124.0,6.95,4.0,production_days=140,1571.4,5798.4,5.564,29.8,684.48,0.357,152.0,13.1
BGW-005-C07,BGW-005,2022-07-03T16:46,1279.7,124.0,6.4,4.0,production_days=140,1455.0,5405.1,5.532,27.8,680.95,0.356,151.4,12.3
BGW-005-C08,BGW-005,2022-12-02T21:51,1172.5,124.0,5.86,4.0,production_days=130,1262.6,4849.0,5.841,26.6,718.86,0.335,140.9,11.6
BGW-005-C09,BGW-005,2023-04-23T09:59,1393.1,124.0,6.97,4.0,production_days=169,1608.7,6033.7,5.447,25.7,670.95,0.407,181.0,11.6
BGW-005-C10,BGW-005,2023-10-21T14:34,1153.7,124.0,5.77,4.0,production_days=167,1404.7,5186.7,5.166,22.4,637.24,0.391,177.8,10.3
BGW-005-C11,BGW-005,2024-04-18T18:57,1131.0,124.0,5.65,4.0,production_days=154,1239.1,4841.8,5.741,22.4,707.56,0.369,164.7,9.7
BGW-005-C12,BGW-005,2024-10-03T01:06,1107.2,124.0,5.54,4.0,production_days=151,1148.8,4627.9,6.062,21.9,747.0,0.36,160.5,9.2
BGW-006-C01,BGW-006,2019-10-05T00:00,1133.6,124.0,5.67,7.0,production_days=121,2303.3,5612.0,3.095,43.8,381.78,0.307,133.7,21.2
BGW-006-C02,BGW-006,2020-02-17T01:50,1281.7,124.0,6.41,7.0,production_days=148,2713.4,6561.7,2.971,41.7,366.76,0.365,162.4,20.6
BGW-006-C03,BGW-006,2020-07-28T22:41,1136.9,124.0,5.68,7.0,production_days=133,2205.1,5783.6,3.243,40.3,400.2,0.334,145.7,18.6
BGW-006-C04,BGW-006,2020-12-23T08:50,1357.4,124.0,6.79,7.0,production_days=123,2065.2,6404.2,4.134,45.8,508.94,0.314,137.8,18.3
BGW-006-C05,BGW-006,2021-05-12T09:52,1334.8,124.0,6.67,7.0,production_days=142,2187.9,6589.4,3.837,41.5,472.99,0.353,155.7,17.1
BGW-006-C06,BGW-006,2021-10-15T16:19,1332.3,124.0,6.66,7.0,production_days=130,1899.4,6279.7,4.412,42.2,543.26,0.33,143.7,16.0
BGW-006-C07,BGW-006,2022-03-08T17:55,1317.5,124.0,6.59,7.0,production_days=139,1910.3,6334.5,4.338,39.5,534.51,0.352,153.6,15.2
BGW-006-C08,BGW-006,2022-08-10T03:28,1250.2,124.0,6.25,7.0,production_days=132,1682.1,5868.1,4.675,38.4,575.81,0.337,145.3,14.3
BGW-006-C09,BGW-006,2023-01-04T01:45,1146.7,124.0,5.73,7.0,production_days=142,1664.9,5639.5,4.332,34.3,534.39,0.359,155.7,13.4
BGW-006-C10,BGW-006,2023-06-09T02:39,1202.3,124.0,6.01,7.0,production_days=117,1351.5,5236.3,5.596,37.5,688.52,0.31,131.0,12.9
BGW-006-C11,BGW-006,2023-10-20T20:28,1122.3,124.0,5.61,7.0,production_days=123,1325.3,5058.0,5.326,34.6,655.96,0.325,136.6,12.2
BGW-006-C12,BGW-006,2024-03-05T16:11,1171.8,124.0,5.86,7.0,production_days=129,1344.3,5236.2,5.483,34.0,675.23,0.341,142.9,11.9
BGW-007-C01,BGW-007,2019-10-05T00:00,1079.4,124.0,5.4,7.0,production_days=116,2071.5,5251.7,3.278,44.9,403.5,0.153,129.4,19.7
BGW-007-C02,BGW-007,2020-02-14T08:14,1182.7,124.0,5.91,7.0,production_days=115,2002.1,5613.5,3.716,47.1,457.01,0.151,128.9,19.0
BGW-007-C03,BGW-007,2020-06-23T04:33,1192.9,124.0,5.96,7.0,production_days=111,1827.4,5530.6,4.106,47.6,504.71,0.145,124.0,18.0
BGW-007-C04,BGW-007,2020-10-25T15:23,1085.4,124.0,5.43,7.0,production_days=136,2029.2,5505.6,3.364,39.5,414.63,0.178,149.4,16.7
BGW-007-C05,BGW-007,2021-03-24T13:32,980.9,124.0,4.9,7.0,production_days=122,1674.4,4884.6,3.685,38.6,453.96,0.161,133.9,15.3
BGW-007-C06,BGW-007,2021-08-06T20:43,1052.6,124.0,5.26,7.0,production_days=133,1767.7,5276.1,3.746,37.8,461.53,0.176,146.3,14.8
BGW-007-C07,BGW-007,2021-12-31T05:28,1044.3,124.0,5.22,7.0,production_days=140,1734.2,5278.7,3.788,36.0,466.88,0.183,152.2,14.1
BGW-007-C08,BGW-007,2022-06-02T15:55,1184.1,124.0,5.92,7.0,production_days=126,1569.8,5472.0,4.745,39.8,583.58,0.169,139.9,13.7
BGW-007-C09,BGW-007,2022-10-23T08:06,1037.5,124.0,5.19,7.0,production_days=139,1556.3,5134.2,4.193,34.3,516.76,0.184,152.2,12.8
BGW-007-C10,BGW-007,2023-03-24T22:39,1079.5,124.0,5.4,7.0,production_days=134,1440.6,5103.6,4.713,35.1,580.32,0.178,146.4,12.3
BGW-007-C11,BGW-007,2023-08-18T18:42,1170.1,124.0,5.85,7.0,production_days=129,1370.0,5214.5,5.372,36.4,660.71,0.174,142.9,12.0
BGW-007-C12,BGW-007,2024-01-09T00:23,1233.9,124.0,6.17,7.0,production_days=115,1190.4,4961.4,6.52,38.4,800.59,0.157,128.2,11.6
BGW-008-C01,BGW-008,2019-10-05T00:00,1463.1,124.0,7.32,5.0,production_days=155,2449.6,6805.2,3.757,33.7,462.76,0.357,168.3,18.2
BGW-008-C02,BGW-008,2020-03-23T00:10,1392.5,124.0,6.96,5.0,production_days=158,2307.2,6568.0,3.796,31.7,467.81,0.363,171.0,17.1
BGW-008-C03,BGW-008,2020-09-10T10:33,1422.0,124.0,7.11,5.0,production_days=146,2038.3,6426.4,4.388,32.9,540.15,0.342,158.1,16.3
BGW-008-C04,BGW-008,2021-02-18T05:24,1491.9,124.0,7.46,5.0,production_days=139,1896.7,6465.3,4.947,33.9,608.47,0.334,152.5,15.7
BGW-008-C05,BGW-008,2021-07-23T12:18,1473.8,124.0,7.37,5.0,production_days=144,1861.5,6440.2,4.98,32.5,612.67,0.347,157.4,15.0
BGW-008-C06,BGW-008,2021-12-29T02:24,1251.2,124.0,6.26,5.0,production_days=162,1849.3,5949.4,4.255,27.4,524.82,0.376,173.3,13.8
BGW-008-C07,BGW-008,2022-06-21T16:48,1255.6,124.0,6.28,5.0,production_days=147,1623.0,5670.9,4.866,28.2,599.42,0.355,158.3,13.2
BGW-008-C08,BGW-008,2022-11-28T16:07,1367.0,124.0,6.84,5.0,production_days=164,1751.2,6207.8,4.91,27.6,604.96,0.387,175.8,12.9
BGW-008-C09,BGW-008,2023-05-24T10:03,1401.7,124.0,7.01,5.0,production_days=144,1511.8,5867.6,5.832,28.9,717.46,0.359,157.0,12.4
BGW-008-C10,BGW-008,2023-10-28T17:54,1376.9,124.0,6.88,5.0,production_days=162,1574.1,6000.6,5.502,26.6,677.55,0.386,173.9,11.9
BGW-008-C11,BGW-008,2024-04-20T20:15,1330.4,124.0,6.65,5.0,production_days=139,1295.6,5334.6,6.459,27.1,794.39,0.346,150.7,11.2
BGW-008-C12,BGW-008,2024-09-20T07:47,1335.1,124.0,6.68,5.0,production_days=134,1210.0,5158.0,6.94,26.8,853.17,0.338,146.7,10.6
BGW-009-C01,BGW-009,2019-10-05T00:00,1483.2,124.0,7.42,5.0,production_days=118,1902.5,6203.5,4.904,37.9,602.38,0.259,131.4,18.1
BGW-009-C02,BGW-009,2020-02-14T06:37,1341.1,124.0,6.71,5.0,production_days=149,2089.3,6211.3,4.037,30.8,497.22,0.311,161.7,16.6
BGW-009-C03,BGW-009,2020-07-25T02:35,1308.3,124.0,6.54,5.0,production_days=134,1746.8,5781.4,4.711,31.3,579.61,0.288,145.5,15.4
BGW-009-C04,BGW-009,2020-12-18T15:46,1232.9,124.0,6.16,5.0,production_days=111,1370.2,5046.6,5.659,32.2,695.5,0.253,122.2,14.3
BGW-009-C05,BGW-009,2021-04-20T10:17,1235.0,124.0,6.17,5.0,production_days=113,1331.8,5029.9,5.832,31.1,716.84,0.262,125.2,13.6
BGW-009-C06,BGW-009,2021-08-24T05:14,1381.3,124.0,6.91,5.0,production_days=111,1283.2,5221.3,6.771,32.7,831.22,0.26,122.9,13.3
BGW-009-C07,BGW-009,2021-12-27T00:47,1141.3,124.0,5.71,5.0,production_days=123,1237.4,4759.8,5.802,27.2,713.71,0.277,133.7,12.2
BGW-009-C08,BGW-009,2022-05-10T02:49,1352.0,124.0,6.76,5.0,production_days=114,1175.7,4999.7,7.233,29.9,888.05,0.269,126.8,12.1
BGW-009-C09,BGW-009,2022-09-14T21:02,1138.8,124.0,5.69,5.0,production_days=142,1245.4,4863.7,5.751,24.0,708.21,0.305,152.7,10.8
BGW-009-C10,BGW-009,2023-02-16T05:05,1346.0,124.0,6.73,5.0,production_days=114,1041.5,4696.2,8.129,27.8,997.69,0.267,126.7,10.6
BGW-009-C11,BGW-009,2023-06-25T09:26,1354.9,124.0,6.77,5.0,production_days=131,1107.0,4933.7,7.698,25.7,945.59,0.292,142.8,10.0
BGW-009-C12,BGW-009,2023-11-15T13:19,1375.3,124.0,6.88,5.0,production_days=142,1131.2,5068.3,7.647,24.2,939.68,0.31,154.9,9.4
BGW-010-C01,BGW-010,2019-10-05T00:00,812.8,124.0,4.06,5.0,production_days=146,2081.9,4253.2,2.456,26.7,304.19,0.234,156.1,17.3
BGW-010-C02,BGW-010,2020-03-11T23:55,830.9,124.0,4.15,5.0,production_days=189,2428.5,4561.2,2.152,22.9,267.73,0.295,198.2,16.7
BGW-010-C03,BGW-010,2020-09-27T02:03,901.4,124.0,4.51,5.0,production_days=145,1946.0,4676.4,2.913,28.3,360.06,0.225,154.5,16.2
BGW-010-C04,BGW-010,2021-03-01T04:35,957.4,124.0,4.79,5.0,production_days=170,2175.1,5116.7,2.768,26.5,342.57,0.257,180.8,15.7
BGW-010-C05,BGW-010,2021-08-31T16:02,850.5,124.0,4.25,5.0,production_days=159,1875.5,4573.1,2.852,25.2,353.08,0.24,168.3,14.7
BGW-010-C06,BGW-010,2022-02-17T10:23,791.1,124.0,3.96,5.0,production_days=147,1647.3,4228.9,3.02,24.8,373.75,0.224,156.0,14.0
BGW-010-C07,BGW-010,2022-07-25T03:00,779.7,124.0,3.9,5.0,production_days=171,1772.0,4338.2,2.768,22.2,343.25,0.252,179.9,13.5
BGW-010-C08,BGW-010,2023-01-22T07:55,1021.8,124.0,5.11,5.0,production_days=193,2071.2,5543.1,3.103,24.5,384.04,0.283,203.1,13.7
BGW-010-C09,BGW-010,2023-08-15T22:35,933.4,124.0,4.67,5.0,production_days=182,1826.4,5062.6,3.214,23.5,397.92,0.27,191.7,12.9
BGW-010-C10,BGW-010,2024-02-24T05:43,985.8,124.0,4.93,5.0,production_days=145,1500.1,4874.0,4.133,27.1,509.95,0.232,155.9,12.5
BGW-010-C11,BGW-010,2024-07-29T18:01,892.2,124.0,4.46,5.0,production_days=194,1743.7,4936.8,3.218,21.3,398.93,0.284,204.5,11.9
BGW-010-C12,BGW-010,2025-02-19T09:10,880.8,124.0,4.4,5.0,production_days=178,1559.2,4731.9,3.553,21.8,439.9,0.268,188.4,11.4
BGW-011-C01,BGW-011,2019-10-05T00:00,1253.8,124.0,6.27,7.0,production_days=170,2585.8,6239.7,3.05,27.5,376.18,0.258,184.3,18.3
BGW-011-C02,BGW-011,2020-04-08T05:44,1172.5,124.0,5.86,7.0,production_days=191,2592.4,6094.0,2.845,24.3,351.57,0.28,203.9,17.1
BGW-011-C03,BGW-011,2020-10-30T13:56,1286.5,124.0,6.43,7.0,production_days=188,2485.9,6558.5,3.255,25.5,401.7,0.28,202.4,16.3
BGW-011-C04,BGW-011,2021-05-23T10:08,1217.0,124.0,6.09,7.0,production_days=181,2217.5,6194.2,3.452,24.7,426.03,0.274,195.1,15.2
BGW-011-C05,BGW-011,2021-12-06T07:34,1466.1,124.0,7.33,7.0,production_days=147,1873.0,6506.3,4.923,30.2,605.33,0.24,162.3,14.9
BGW-011-C06,BGW-011,2022-05-19T06:31,1252.8,124.0,6.26,7.0,production_days=162,1825.5,5985.4,4.317,25.6,531.84,0.257,176.3,13.8
BGW-011-C07,BGW-011,2022-11-11T19:53,1366.1,124.0,6.83,7.0,production_days=194,2059.1,6711.8,4.173,24.1,514.55,0.295,207.8,13.4
BGW-011-C08,BGW-011,2023-06-10T07:50,1419.6,124.0,7.1,7.0,production_days=154,1615.2,6138.8,5.528,26.9,679.82,0.252,168.1,12.8
BGW-011-C09,BGW-011,2023-11-26T00:47,1443.9,124.0,7.22,7.0,production_days=189,1836.2,6686.7,4.946,24.0,609.23,0.293,204.2,12.2
BGW-011-C10,BGW-011,2024-06-18T19:35,1183.2,124.0,5.92,7.0,production_days=171,1465.4,5458.7,5.078,21.6,625.88,0.263,183.9,10.7
BGW-011-C11,BGW-011,2024-12-20T02:38,1155.0,124.0,5.77,7.0,production_days=185,1477.4,5466.0,4.917,20.0,606.6,0.276,198.8,10.0
BGW-011-C12,BGW-011,2025-07-07T07:26,1110.2,124.0,5.55,7.0,production_days=158,1203.1,4836.9,5.804,20.4,714.9,0.243,170.6,9.3
BGW-012-C01,BGW-012,2019-10-05T00:00,1272.4,124.0,6.36,5.0,production_days=119,2523.9,6252.3,3.171,45.6,390.18,0.183,130.4,23.7
BGW-012-C02,BGW-012,2020-02-13T05:31,1260.7,124.0,6.3,5.0,production_days=129,2559.6,6356.1,3.098,42.7,381.44,0.199,140.3,22.4
BGW-012-C03,BGW-012,2020-07-03T06:33,1385.3,124.0,6.93,5.0,production_days=123,2387.6,6727.7,3.649,45.8,448.76,0.189,134.9,21.6
BGW-012-C04,BGW-012,2020-11-16T09:09,1302.0,124.0,6.51,5.0,production_days=145,2560.4,6732.8,3.199,39.6,394.05,0.221,156.5,20.1
BGW-012-C05,BGW-012,2021-04-22T04:11,1158.4,124.0,5.79,5.0,production_days=149,2386.6,6191.5,3.053,35.4,376.59,0.228,160.8,18.3
BGW-012-C06,BGW-012,2021-09-30T00:17,1167.9,124.0,5.84,5.0,production_days=119,1847.0,5730.4,3.977,39.4,489.43,0.187,129.8,17.3
BGW-012-C07,BGW-012,2022-02-07T19:21,1147.4,124.0,5.74,5.0,production_days=142,2055.9,5991.4,3.51,34.8,432.7,0.22,153.7,16.5
BGW-012-C08,BGW-012,2022-07-13T05:30,1158.7,124.0,5.79,5.0,production_days=132,1824.9,5805.2,3.994,35.8,491.8,0.206,142.8,15.8
BGW-012-C09,BGW-012,2022-12-04T07:23,1441.9,124.0,7.21,5.0,production_days=126,1787.8,6512.2,5.073,40.7,623.27,0.198,138.2,15.7
BGW-012-C10,BGW-012,2023-04-21T20:38,1324.8,124.0,6.62,5.0,production_days=140,1830.0,6373.4,4.553,36.0,560.28,0.22,152.6,14.8
BGW-012-C11,BGW-012,2023-09-22T06:07,1491.8,124.0,7.46,5.0,production_days=139,1783.4,6728.6,5.261,37.9,646.64,0.218,151.5,14.5
BGW-012-C12,BGW-012,2024-02-21T23:00,1408.9,124.0,7.04,5.0,production_days=117,1439.0,5865.7,6.158,38.3,756.1,0.19,130.0,13.7
BGW-013-C01,BGW-013,2019-10-05T00:00,1306.4,124.0,6.53,4.0,production_days=189,3060.2,6727.7,2.685,27.4,331.59,0.279,200.5,19.7
BGW-013-C02,BGW-013,2020-04-23T22:14,1216.0,124.0,6.08,4.0,production_days=191,2807.4,6397.7,2.724,25.5,336.66,0.278,202.1,18.2
BGW-013-C03,BGW-013,2020-11-14T02:13,1264.6,124.0,6.32,4.0,production_days=192,2681.7,6637.0,2.966,25.7,366.28,0.278,203.3,17.3
BGW-013-C04,BGW-013,2021-06-05T12:08,1492.9,124.0,7.46,4.0,production_days=175,2477.3,7321.3,3.79,29.6,466.76,0.263,187.5,16.9
BGW-013-C05,BGW-013,2021-12-11T14:48,1177.3,124.0,5.89,4.0,production_days=163,2034.5,5954.3,3.64,25.9,448.87,0.248,173.9,15.3
BGW-013-C06,BGW-013,2022-06-05T07:26,1425.7,124.0,7.13,4.0,production_days=192,2365.7,7193.1,3.791,26.4,467.32,0.286,204.1,15.1
BGW-013-C07,BGW-013,2022-12-28T03:32,1107.3,124.0,5.54,4.0,production_days=163,1782.5,5588.8,3.907,23.9,482.04,0.25,173.5,13.7
BGW-013-C08,BGW-013,2023-06-20T00:58,1444.2,124.0,7.22,4.0,production_days=178,2001.3,6884.4,4.539,26.6,558.98,0.274,189.2,13.8
BGW-013-C09,BGW-013,2023-12-28T14:18,1217.8,124.0,6.09,4.0,production_days=190,1879.7,6172.1,4.075,22.5,502.94,0.283,201.1,12.7
BGW-013-C10,BGW-013,2024-07-18T00:47,1162.5,124.0,5.81,4.0,production_days=171,1598.2,5633.6,4.575,22.5,564.14,0.259,180.8,11.9
BGW-013-C11,BGW-013,2025-01-16T11:50,1395.0,124.0,6.98,4.0,production_days=188,1768.4,6545.4,4.962,23.4,611.29,0.285,200.0,11.8
BGW-013-C12,BGW-013,2025-08-05T20:21,1405.1,124.0,7.03,4.0,production_days=149,1381.3,5764.2,6.398,25.4,786.4,0.241,161.0,11.1
BGW-014-C01,BGW-014,2019-10-05T00:00,1004.8,124.0,5.02,5.0,production_days=141,1646.2,4632.5,3.839,32.0,473.25,0.194,152.0,13.5
BGW-014-C02,BGW-014,2020-03-05T04:42,958.2,124.0,4.79,5.0,production_days=118,1319.5,4179.1,4.568,33.5,562.24,0.167,128.8,12.8
BGW-014-C03,BGW-014,2020-07-12T23:04,924.7,124.0,4.62,5.0,production_days=135,1399.1,4245.1,4.157,30.3,512.47,0.187,144.6,12.2
BGW-014-C04,BGW-014,2020-12-04T14:56,817.2,124.0,4.09,5.0,production_days=125,1207.8,3759.1,4.256,28.8,524.89,0.177,134.1,11.4
BGW-014-C05,BGW-014,2021-04-19T08:36,903.2,124.0,4.52,5.0,production_days=140,1330.8,4194.1,4.269,28.4,526.61,0.197,150.5,11.3
BGW-014-C06,BGW-014,2021-09-17T17:51,788.5,124.0,3.94,5.0,production_days=129,1129.3,3654.9,4.392,26.9,541.98,0.184,137.9,10.5
BGW-014-C07,BGW-014,2022-02-04T11:33,779.4,124.0,3.9,5.0,production_days=128,1074.6,3583.3,4.562,26.4,562.94,0.183,136.9,10.2
BGW-014-C08,BGW-014,2022-06-23T03:00,923.5,124.0,4.62,5.0,production_days=148,1239.1,4229.8,4.688,26.8,578.34,0.21,157.6,10.1
BGW-014-C09,BGW-014,2022-11-28T23:13,930.6,124.0,4.65,5.0,production_days=145,1173.4,4174.0,4.988,26.6,615.2,0.208,155.7,9.8
BGW-014-C10,BGW-014,2023-05-05T00:48,984.9,124.0,4.92,5.0,production_days=129,1036.3,4045.2,5.978,28.3,735.89,0.192,139.9,9.5
BGW-014-C11,BGW-014,2023-09-22T19:20,799.4,124.0,4.0,5.0,production_days=143,1000.8,3630.3,5.024,23.5,620.29,0.201,152.0,8.7
BGW-014-C12,BGW-014,2024-02-24T08:16,929.5,124.0,4.65,5.0,production_days=130,939.6,3782.6,6.222,26.1,766.2,0.191,140.6,8.6
BGW-015-C01,BGW-015,2019-10-05T00:00,1224.4,124.0,6.12,7.0,production_days=160,2342.2,5951.0,3.288,29.5,405.83,0.37,173.1,17.4
BGW-015-C02,BGW-015,2020-03-26T11:55,1099.5,124.0,5.5,7.0,production_days=157,2107.4,5446.9,3.282,27.2,405.37,0.365,170.5,16.1
BGW-015-C03,BGW-015,2020-09-14T21:57,1237.1,124.0,6.19,7.0,production_days=185,2381.9,6249.3,3.267,26.4,403.7,0.412,199.2,15.7
BGW-015-C04,BGW-015,2021-04-05T01:38,963.7,124.0,4.82,7.0,production_days=171,1917.6,5009.1,3.161,23.1,391.33,0.384,182.8,14.1
BGW-015-C05,BGW-015,2021-10-06T02:00,1021.4,124.0,5.11,7.0,production_days=173,1880.1,5243.6,3.417,23.5,422.71,0.39,185.1,13.7
BGW-015-C06,BGW-015,2022-04-09T19:27,962.7,124.0,4.81,7.0,production_days=181,1810.9,5052.1,3.344,21.6,414.11,0.4,192.8,12.9
BGW-015-C07,BGW-015,2022-10-22T10:23,1019.5,124.0,5.1,7.0,production_days=145,1468.3,4849.1,4.367,24.9,539.01,0.351,157.1,12.5
BGW-015-C08,BGW-015,2023-03-31T10:02,1187.0,124.0,5.94,7.0,production_days=148,1509.6,5368.5,4.946,26.5,609.53,0.363,160.9,12.4
BGW-015-C09,BGW-015,2023-09-11T02:30,1254.3,124.0,6.27,7.0,production_days=181,1745.9,5985.9,4.519,24.2,557.76,0.418,195.3,12.0
BGW-015-C10,BGW-015,2024-03-26T21:38,1053.3,124.0,5.27,7.0,production_days=150,1319.2,4815.5,5.022,23.3,619.44,0.36,162.3,10.9
BGW-015-C11,BGW-015,2024-09-05T13:53,1061.8,124.0,5.31,7.0,production_days=195,1574.9,5319.2,4.241,20.1,524.62,0.425,208.3,10.4
BGW-015-C12,BGW-015,2025-04-03T10:52,1247.8,124.0,6.24,7.0,production_days=159,1336.1,5324.6,5.874,23.9,723.62,0.381,172.2,10.2
BGW-016-C01,BGW-016,2019-10-05T00:00,1055.1,124.0,5.28,4.0,production_days=142,1998.8,5120.5,3.32,32.6,409.85,0.311,152.3,16.3
BGW-016-C02,BGW-016,2020-03-05T07:15,1228.7,124.0,6.14,4.0,production_days=154,2112.7,5897.4,3.658,33.9,451.19,0.333,165.1,15.9
BGW-016-C03,BGW-016,2020-08-19T15:29,949.1,124.0,4.75,4.0,production_days=132,1569.6,4573.9,3.803,30.5,469.37,0.291,140.7,14.1
BGW-016-C04,BGW-016,2021-01-07T12:59,1101.4,124.0,5.51,4.0,production_days=161,1844.3,5420.6,3.756,29.6,463.82,0.342,170.5,13.8
BGW-016-C05,BGW-016,2021-06-28T21:34,950.3,124.0,4.75,4.0,production_days=138,1456.3,4581.0,4.104,28.5,506.67,0.307,147.8,12.7
BGW-016-C06,BGW-016,2021-11-24T00:28,1111.0,124.0,5.55,4.0,production_days=130,1378.8,4912.8,5.068,31.7,624.2,0.297,139.6,12.5
BGW-016-C07,BGW-016,2022-04-13T02:08,1070.3,124.0,5.35,4.0,production_days=152,1482.9,5051.6,4.54,28.0,560.2,0.337,162.4,11.8
BGW-016-C08,BGW-016,2022-09-25T06:04,1178.0,124.0,5.89,4.0,production_days=143,1378.9,5166.1,5.373,29.8,661.94,0.329,153.9,11.4
BGW-016-C09,BGW-016,2023-02-26T04:39,1190.6,124.0,5.95,4.0,production_days=135,1248.1,4961.3,6.0,30.0,738.59,0.318,146.0,10.9
BGW-016-C10,BGW-016,2023-07-23T17:10,1137.8,124.0,5.69,4.0,production_days=172,1417.1,5259.0,5.05,25.3,623.27,0.374,182.7,10.3
BGW-016-C11,BGW-016,2024-01-23T13:57,1171.0,124.0,5.85,4.0,production_days=149,1188.8,4878.2,6.196,26.7,763.1,0.339,158.9,9.8
BGW-016-C12,BGW-016,2024-07-01T12:47,1097.8,124.0,5.49,4.0,production_days=140,1046.3,4438.0,6.599,25.5,812.67,0.322,150.5,9.0
BGW-017-C01,BGW-017,2019-10-05T00:00,1211.2,124.0,6.06,4.0,production_days=166,3204.1,6415.9,2.378,36.6,293.89,0.297,176.1,22.4
BGW-017-C02,BGW-017,2020-03-30T21:55,1232.8,124.0,6.16,4.0,production_days=144,2659.6,6358.6,2.915,39.6,359.52,0.254,154.2,20.9
BGW-017-C03,BGW-017,2020-09-02T09:47,1149.6,124.0,5.75,4.0,production_days=171,2839.8,6290.6,2.546,33.7,314.81,0.296,180.7,19.4
BGW-017-C04,BGW-017,2021-03-04T13:02,1144.6,124.0,5.72,4.0,production_days=167,2603.3,6250.1,2.765,33.5,341.73,0.288,176.7,18.1
BGW-017-C05,BGW-017,2021-08-30T09:22,1022.2,124.0,5.11,4.0,production_days=150,2164.3,5553.2,2.971,32.3,367.01,0.264,160.1,16.7
BGW-017-C06,BGW-017,2022-02-07T02:30,955.2,124.0,4.78,4.0,production_days=163,2150.1,5377.6,2.794,29.0,345.8,0.281,172.8,15.7
BGW-017-C07,BGW-017,2022-07-31T21:03,1041.1,124.0,5.21,4.0,production_days=157,2031.2,5656.0,3.224,30.8,398.28,0.274,167.2,15.2
BGW-017-C08,BGW-017,2023-01-16T22:25,1082.5,124.0,5.41,4.0,production_days=138,1737.2,5500.7,3.919,33.2,483.23,0.247,147.4,14.6
BGW-017-C09,BGW-017,2023-06-14T17:44,1181.0,124.0,5.9,4.0,production_days=144,1769.6,5877.1,4.198,33.6,517.28,0.257,153.9,14.2
BGW-017-C10,BGW-017,2023-11-18T09:49,1228.0,124.0,6.14,4.0,production_days=130,1571.6,5711.7,4.914,35.2,604.78,0.239,141.1,13.7
BGW-017-C11,BGW-017,2024-04-08T08:00,1165.1,124.0,5.83,4.0,production_days=145,1623.1,5699.3,4.515,32.0,556.36,0.262,154.8,13.1
BGW-017-C12,BGW-017,2024-09-11T14:58,1110.1,124.0,5.55,4.0,production_days=159,1657.7,5662.9,4.212,29.1,519.75,0.284,168.6,12.4
BGW-018-C01,BGW-018,2019-10-05T00:00,1061.7,124.0,5.31,5.0,production_days=137,1697.5,4854.2,3.934,29.4,484.61,0.202,147.3,14.8
BGW-018-C02,BGW-018,2020-03-02T03:09,1086.6,124.0,5.43,5.0,production_days=132,1582.5,4864.1,4.319,29.8,531.72,0.199,143.4,14.1
BGW-018-C03,BGW-018,2020-07-24T17:19,959.3,124.0,4.8,5.0,production_days=136,1480.9,4460.8,4.075,26.7,502.33,0.205,146.8,13.2
BGW-018-C04,BGW-018,2020-12-19T13:58,969.7,124.0,4.85,5.0,production_days=135,1398.3,4440.0,4.362,26.6,537.54,0.204,144.8,12.6
BGW-018-C05,BGW-018,2021-05-14T12:23,1098.2,124.0,5.49,5.0,production_days=115,1224.3,4492.5,5.642,30.3,693.56,0.185,126.5,12.4
BGW-018-C06,BGW-018,2021-09-18T20:00,1170.4,124.0,5.85,5.0,production_days=149,1481.2,5158.9,4.97,27.4,611.95,0.227,159.9,12.0
BGW-018-C07,BGW-018,2022-02-28T01:22,981.3,124.0,4.91,5.0,production_days=133,1202.5,4303.4,5.133,25.3,632.23,0.206,143.9,11.1
BGW-018-C08,BGW-018,2022-07-22T19:53,1206.2,124.0,6.03,5.0,production_days=140,1283.7,4953.8,5.91,27.4,726.87,0.219,151.0,11.1
BGW-018-C09,BGW-018,2022-12-23T20:05,1136.8,124.0,5.68,5.0,production_days=144,1226.2,4746.9,5.831,25.4,717.66,0.222,155.7,10.4
BGW-018-C10,BGW-018,2023-05-30T17:49,1147.8,124.0,5.74,5.0,production_days=119,993.6,4243.1,7.266,26.9,892.54,0.192,130.7,9.8
BGW-018-C11,BGW-018,2023-10-10T08:26,1240.7,124.0,6.2,5.0,production_days=122,999.1,4409.0,7.811,27.1,958.98,0.197,134.2,9.5
BGW-018-C12,BGW-018,2024-02-21T14:56,1164.9,124.0,5.82,5.0,production_days=128,965.4,4243.1,7.59,25.1,932.48,0.2,138.8,8.9
BGW-019-C01,BGW-019,2019-10-05T00:00,1152.7,124.0,5.76,4.0,production_days=179,2099.7,5527.6,3.453,32.3,426.47,0.314,188.8,13.7
BGW-019-C02,BGW-019,2020-04-11T07:54,1068.0,124.0,5.34,4.0,production_days=182,1936.9,5229.1,3.468,29.7,428.72,0.319,192.3,12.7
BGW-019-C03,BGW-019,2020-10-21T08:56,1199.2,124.0,6.0,4.0,production_days=186,1918.7,5717.6,3.931,31.0,485.39,0.328,197.0,12.2
BGW-019-C04,BGW-019,2021-05-08T21:18,1148.7,124.0,5.74,4.0,production_days=154,1505.1,5101.1,4.8,32.4,591.65,0.286,164.7,11.3
BGW-019-C05,BGW-019,2021-10-22T19:34,1181.5,124.0,5.91,4.0,production_days=180,1644.1,5470.4,4.52,29.9,557.84,0.326,190.9,10.8
BGW-019-C06,BGW-019,2022-05-02T14:47,1156.9,124.0,5.78,4.0,production_days=171,1464.7,5188.0,4.968,29.6,612.8,0.317,180.8,10.2
BGW-019-C07,BGW-019,2022-10-31T09:09,986.3,124.0,4.93,4.0,production_days=170,1299.3,4563.4,4.775,26.2,589.84,0.314,178.9,9.4
BGW-019-C08,BGW-019,2023-04-29T13:51,1216.1,124.0,6.08,4.0,production_days=179,1391.4,5287.4,5.497,28.2,677.92,0.335,190.1,9.3
BGW-019-C09,BGW-019,2023-11-08T14:38,1006.9,124.0,5.03,4.0,production_days=170,1167.9,4454.8,5.423,25.0,669.51,0.316,180.0,8.4
BGW-019-C10,BGW-019,2024-05-06T21:38,1185.0,124.0,5.93,4.0,production_days=189,1276.5,5078.0,5.839,25.6,720.38,0.345,198.9,8.3
BGW-019-C11,BGW-019,2024-11-24T05:16,1080.5,124.0,5.4,4.0,production_days=163,1022.6,4327.3,6.646,25.0,819.14,0.306,172.4,7.5
BGW-019-C12,BGW-019,2025-05-16T04:57,1036.5,124.0,5.18,4.0,production_days=160,945.8,4086.6,6.892,23.8,849.58,0.301,170.2,7.0
BGW-020-C01,BGW-020,2019-10-05T00:00,1010.5,124.0,5.05,7.0,production_days=147,2341.8,5188.8,2.714,27.9,335.4,0.275,160.1,19.0
BGW-020-C02,BGW-020,2020-03-14T23:51,1076.2,124.0,5.38,7.0,production_days=118,1856.7,5158.8,3.646,32.3,448.98,0.229,131.4,18.2
BGW-020-C03,BGW-020,2020-07-25T14:18,1239.8,124.0,6.2,7.0,production_days=131,2017.8,5909.1,3.865,32.9,475.78,0.251,145.2,17.8
BGW-020-C04,BGW-020,2020-12-19T22:59,983.3,124.0,4.92,7.0,production_days=132,1774.8,4950.2,3.485,27.7,429.89,0.25,144.9,16.1
BGW-020-C05,BGW-020,2021-05-14T21:18,997.6,124.0,4.99,7.0,production_days=114,1496.5,4729.3,4.193,29.7,516.36,0.226,127.0,15.4
BGW-020-C06,BGW-020,2021-09-20T06:13,938.9,124.0,4.69,7.0,production_days=138,1650.1,4806.6,3.579,25.5,441.84,0.262,150.7,14.6
BGW-020-C07,BGW-020,2022-02-19T13:26,1085.9,124.0,5.43,7.0,production_days=137,1626.8,5267.8,4.198,27.6,517.46,0.265,149.4,14.3
BGW-020-C08,BGW-020,2022-07-21T09:11,957.8,124.0,4.79,7.0,production_days=130,1415.6,4670.4,4.256,25.7,524.81,0.253,141.8,13.4
BGW-020-C09,BGW-020,2022-12-10T21:59,1251.7,124.0,6.26,7.0,production_days=140,1576.1,5706.8,4.995,28.5,614.87,0.276,153.3,13.5
BGW-020-C10,BGW-020,2023-05-15T06:30,1039.2,124.0,5.2,7.0,production_days=126,1277.9,4725.1,5.115,26.1,629.9,0.252,138.2,12.4
BGW-020-C11,BGW-020,2023-10-01T08:20,1074.1,124.0,5.37,7.0,production_days=141,1355.6,4991.6,4.984,24.7,614.14,0.274,153.4,12.0
BGW-020-C12,BGW-020,2024-03-04T17:55,1148.2,124.0,5.74,7.0,production_days=139,1301.5,5079.6,5.549,25.2,683.14,0.273,151.7,11.5
BGW-021-C01,BGW-021,2019-10-05T00:00,1399.7,124.0,7.0,4.0,production_days=149,2707.3,6830.4,3.252,34.5,400.46,0.262,161.0,20.8
BGW-021-C02,BGW-021,2020-03-14T02:20,1221.1,124.0,6.11,4.0,production_days=142,2323.2,6042.0,3.306,32.0,407.34,0.25,152.1,19.1
BGW-021-C03,BGW-021,2020-08-14T23:42,1241.0,124.0,6.21,4.0,production_days=124,1978.2,5851.5,3.946,34.0,485.51,0.225,135.2,18.3
BGW-021-C04,BGW-021,2020-12-30T18:50,1237.9,124.0,6.19,4.0,production_days=118,1792.4,5677.4,4.344,34.4,534.19,0.215,128.2,17.5
BGW-021-C05,BGW-021,2021-05-09T20:22,1491.3,124.0,7.46,4.0,production_days=113,1761.3,6278.5,5.326,38.3,653.81,0.21,125.5,17.5
BGW-021-C06,BGW-021,2021-09-14T16:37,1362.9,124.0,6.81,4.0,production_days=113,1643.9,5853.2,5.215,35.7,640.5,0.212,124.8,16.5
BGW-021-C07,BGW-021,2022-01-19T10:04,1373.2,124.0,6.87,4.0,production_days=128,1771.4,6153.3,4.876,33.4,599.43,0.238,139.9,15.9
BGW-021-C08,BGW-021,2022-06-10T10:30,1313.6,124.0,6.57,4.0,production_days=114,1504.3,5590.3,5.492,33.8,674.75,0.218,124.6,15.1
BGW-021-C09,BGW-021,2022-10-13T04:40,1179.4,124.0,5.9,4.0,production_days=118,1455.9,5259.7,5.095,30.7,626.64,0.227,128.9,14.3
BGW-021-C10,BGW-021,2023-02-20T01:22,1246.4,124.0,6.23,4.0,production_days=142,1671.2,5840.1,4.691,28.5,577.56,0.264,153.2,13.9
BGW-021-C11,BGW-021,2023-07-24T21:23,1276.2,124.0,6.38,4.0,production_days=121,1393.9,5417.1,5.759,30.6,707.78,0.235,131.4,13.5
BGW-021-C12,BGW-021,2023-12-03T22:28,1439.8,124.0,7.2,4.0,production_days=143,1611.8,6239.9,5.618,29.8,690.79,0.27,154.2,13.3
BGW-022-C01,BGW-022,2019-10-05T00:00,1004.7,124.0,5.02,5.0,production_days=122,1794.6,4765.6,3.521,34.5,434.15,0.255,133.0,16.6
BGW-022-C02,BGW-022,2020-02-17T14:20,980.6,124.0,4.9,5.0,production_days=144,1967.6,4892.1,3.135,30.6,387.24,0.291,154.9,16.0
BGW-022-C03,BGW-022,2020-07-24T00:39,889.5,124.0,4.45,5.0,production_days=121,1562.2,4305.3,3.581,31.3,441.91,0.251,130.4,15.0
BGW-022-C04,BGW-022,2020-12-02T11:32,972.1,124.0,4.86,5.0,production_days=143,1787.1,4836.0,3.421,29.9,422.53,0.287,152.9,14.8
BGW-022-C05,BGW-022,2021-05-05T17:33,1023.2,124.0,5.12,5.0,production_days=147,1793.4,5066.2,3.589,30.0,443.05,0.296,158.1,14.3
BGW-022-C06,BGW-022,2021-10-13T00:53,947.9,124.0,4.74,5.0,production_days=121,1420.6,4457.0,4.197,31.2,517.37,0.255,131.7,13.6
BGW-022-C07,BGW-022,2022-02-21T18:49,989.9,124.0,4.95,5.0,production_days=121,1391.5,4563.3,4.474,31.6,551.36,0.257,131.9,13.3
BGW-022-C08,BGW-022,2022-07-05T21:44,766.5,124.0,3.83,5.0,production_days=119,1225.3,3766.5,3.935,26.9,486.04,0.251,128.8,12.3
BGW-022-C09,BGW-022,2022-11-14T07:16,934.8,124.0,4.67,5.0,production_days=132,1382.8,4477.0,4.252,28.5,524.68,0.277,142.7,12.4
BGW-022-C10,BGW-022,2023-04-07T12:23,808.5,124.0,4.04,5.0,production_days=119,1160.0,3848.4,4.384,27.2,541.03,0.254,128.0,11.7
BGW-022-C11,BGW-022,2023-08-14T13:14,781.5,124.0,3.91,5.0,production_days=126,1174.7,3824.7,4.185,25.5,516.97,0.266,135.9,11.3
BGW-022-C12,BGW-022,2023-12-29T07:41,868.8,124.0,4.34,5.0,production_days=123,1156.4,4043.2,4.725,27.1,582.93,0.266,133.3,11.2
BGW-023-C01,BGW-023,2019-10-05T00:00,899.3,124.0,4.5,7.0,production_days=155,2945.7,4956.9,1.92,28.3,238.83,0.377,166.5,22.6
BGW-023-C02,BGW-023,2020-03-21T00:51,888.8,124.0,4.44,7.0,production_days=181,3123.2,5125.8,1.79,25.3,223.29,0.417,192.4,21.2
BGW-023-C03,BGW-023,2020-10-02T00:38,984.0,124.0,4.92,7.0,production_days=179,2994.4,5676.2,2.067,26.9,256.69,0.37,190.9,20.3
BGW-023-C04,BGW-023,2021-04-11T10:02,953.8,124.0,4.77,7.0,production_days=157,2499.1,5427.5,2.401,27.9,297.35,0.322,169.8,19.0
BGW-023-C05,BGW-023,2021-09-28T05:55,942.4,124.0,4.71,7.0,production_days=183,2644.8,5582.1,2.241,25.0,278.23,0.359,194.7,18.0
BGW-023-C06,BGW-023,2022-04-11T08:17,938.1,124.0,4.69,7.0,production_days=187,2530.6,5611.5,2.332,24.1,289.47,0.362,199.7,16.9
BGW-023-C07,BGW-023,2022-10-29T10:07,811.5,124.0,4.06,7.0,production_days=172,2103.7,4883.3,2.426,22.6,301.32,0.333,183.1,15.6
BGW-023-C08,BGW-023,2023-05-02T10:40,908.5,124.0,4.54,7.0,production_days=180,2152.3,5390.7,2.655,23.3,329.29,0.347,191.5,15.2
BGW-023-C09,BGW-023,2023-11-12T03:40,783.5,124.0,3.92,7.0,production_days=193,2036.6,4871.2,2.42,19.9,301.11,0.36,203.9,14.0
BGW-023-C10,BGW-023,2024-06-03T21:17,882.2,124.0,4.41,7.0,production_days=171,1836.4,5131.9,3.022,22.7,374.49,0.336,182.4,13.6
BGW-023-C11,BGW-023,2024-12-04T01:00,836.5,124.0,4.18,7.0,production_days=163,1657.4,4825.1,3.175,22.0,393.44,0.326,175.2,12.9
BGW-023-C12,BGW-023,2025-05-29T12:53,775.4,124.0,3.88,7.0,production_days=168,1567.3,4553.2,3.112,20.3,386.13,0.328,178.9,12.3
BGW-024-C01,BGW-024,2019-10-05T00:00,1314.6,124.0,6.57,4.0,production_days=144,2153.3,6061.2,3.84,31.0,472.68,0.254,154.6,17.5
BGW-024-C02,BGW-024,2020-03-08T03:10,1268.0,124.0,6.34,4.0,production_days=144,2032.6,5890.3,3.924,29.7,483.12,0.256,155.3,16.6
BGW-024-C03,BGW-024,2020-08-12T18:02,1368.3,124.0,6.84,4.0,production_days=128,1793.9,5919.2,4.798,32.5,589.73,0.236,139.8,16.1
BGW-024-C04,BGW-024,2020-12-31T18:03,1280.2,124.0,6.4,4.0,production_days=165,2087.1,6154.2,3.858,27.0,475.57,0.289,176.4,15.3
BGW-024-C05,BGW-024,2021-06-29T03:10,1193.7,124.0,5.97,4.0,production_days=130,1573.2,5302.1,4.773,28.7,587.28,0.242,140.0,14.3
BGW-024-C06,BGW-024,2021-11-18T01:11,1164.8,124.0,5.82,4.0,production_days=165,1836.0,5662.6,3.99,24.5,492.24,0.29,175.8,13.7
BGW-024-C07,BGW-024,2022-05-15T12:26,1183.5,124.0,5.92,4.0,production_days=160,1710.8,5606.9,4.351,24.7,536.39,0.286,170.9,13.1
BGW-024-C08,BGW-024,2022-11-03T04:49,1141.2,124.0,5.71,4.0,production_days=154,1547.6,5302.9,4.638,24.2,571.63,0.276,163.7,12.5
BGW-024-C09,BGW-024,2023-04-17T08:16,1409.7,124.0,7.05,4.0,production_days=148,1550.6,5936.5,5.718,27.3,703.19,0.278,160.0,12.6
BGW-024-C10,BGW-024,2023-09-25T20:31,1282.3,124.0,6.41,4.0,production_days=146,1401.0,5424.2,5.757,25.4,708.19,0.269,156.4,11.6
BGW-024-C11,BGW-024,2024-03-01T00:16,1410.3,124.0,7.05,4.0,production_days=133,1278.0,5386.9,6.941,27.2,852.52,0.254,144.1,11.4
BGW-024-C12,BGW-024,2024-07-23T18:48,1250.6,124.0,6.25,4.0,production_days=150,1306.7,5231.8,6.02,23.5,740.74,0.273,161.3,10.4
BGW-025-C01,BGW-025,2019-10-05T00:00,995.2,124.0,4.98,7.0,production_days=147,1733.7,4694.5,3.611,33.3,445.76,0.275,159.0,13.7
BGW-025-C02,BGW-025,2020-03-13T05:21,829.5,124.0,4.15,7.0,production_days=170,1718.8,4218.8,3.035,26.4,376.22,0.306,182.1,12.5
BGW-025-C03,BGW-025,2020-09-13T03:20,840.2,124.0,4.2,7.0,production_days=170,1617.3,4257.6,3.268,26.3,404.8,0.304,181.2,11.8
BGW-025-C04,BGW-025,2021-03-15T03:06,789.6,124.0,3.95,7.0,production_days=168,1474.9,4028.8,3.367,25.0,417.33,0.301,178.9,11.1
BGW-025-C05,BGW-025,2021-09-12T21:53,1009.1,124.0,5.05,7.0,production_days=165,1508.2,4787.4,4.208,29.1,519.79,0.304,177.0,11.1
BGW-025-C06,BGW-025,2022-03-09T03:31,1024.3,124.0,5.12,7.0,production_days=128,1160.6,4303.3,5.551,32.5,683.66,0.254,140.1,10.5
BGW-025-C07,BGW-025,2022-07-27T21:05,768.7,124.0,3.84,7.0,production_days=150,1143.8,3725.9,4.227,24.7,523.04,0.282,160.8,9.6
BGW-025-C08,BGW-025,2023-01-05T19:58,992.2,124.0,4.96,7.0,production_days=163,1288.1,4556.6,4.845,27.2,598.29,0.31,176.0,9.6
BGW-025-C09,BGW-025,2023-07-03T08:02,1015.9,124.0,5.08,7.0,production_days=155,1181.7,4453.4,5.407,27.5,667.11,0.302,168.1,9.2
BGW-025-C10,BGW-025,2023-12-21T02:47,1019.6,124.0,5.1,7.0,production_days=143,1050.3,4214.0,6.106,27.9,752.44,0.285,156.1,8.8
BGW-025-C11,BGW-025,2024-05-25T21:50,918.1,124.0,4.59,7.0,production_days=141,949.7,3832.3,6.08,25.7,749.8,0.278,153.6,8.1
BGW-025-C12,BGW-025,2024-10-27T12:38,818.0,124.0,4.09,7.0,production_days=129,807.1,3343.1,6.375,24.4,786.16,0.256,141.1,7.5
BGW-026-C01,BGW-026,2019-10-05T00:00,824.0,124.0,4.12,5.0,production_days=168,1947.5,4247.8,2.661,28.3,330.09,0.321,177.1,14.0
BGW-026-C02,BGW-026,2020-03-30T03:21,844.7,124.0,4.22,5.0,production_days=186,2010.9,4470.0,2.642,26.6,328.04,0.347,196.2,13.2
BGW-026-C03,BGW-026,2020-10-12T19:01,924.9,124.0,4.62,5.0,production_days=173,1827.9,4736.7,3.183,29.2,394.06,0.326,182.6,12.7
BGW-026-C04,BGW-026,2021-04-14T08:06,868.7,124.0,4.34,5.0,production_days=157,1551.9,4369.3,3.521,29.0,435.61,0.302,166.3,11.9
BGW-026-C05,BGW-026,2021-09-30T08:14,862.2,124.0,4.31,5.0,production_days=180,1640.2,4506.1,3.306,26.3,409.82,0.335,189.3,11.3
BGW-026-C06,BGW-026,2022-04-08T11:55,859.4,124.0,4.3,5.0,production_days=194,1643.1,4572.6,3.29,24.6,408.17,0.356,203.3,10.7
BGW-026-C07,BGW-026,2022-10-29T16:28,983.4,124.0,4.92,5.0,production_days=150,1325.7,4571.2,4.666,30.0,575.95,0.303,160.9,10.4
BGW-026-C08,BGW-026,2023-04-11T00:34,991.1,124.0,4.96,5.0,production_days=194,1562.5,5008.6,3.99,25.9,493.95,0.366,205.0,10.0
BGW-026-C09,BGW-026,2023-11-04T21:51,840.2,124.0,4.2,5.0,production_days=171,1252.7,4189.6,4.218,24.4,522.39,0.333,181.2,9.2
BGW-026-C10,BGW-026,2024-05-06T06:29,975.2,124.0,4.88,5.0,production_days=145,1096.4,4252.1,5.595,28.2,690.09,0.303,155.9,9.0
BGW-026-C11,BGW-026,2024-10-09T21:19,843.9,124.0,4.22,5.0,production_days=187,1214.8,4216.1,4.369,22.4,541.47,0.353,196.2,8.4
BGW-026-C12,BGW-026,2025-04-26T07:36,854.9,124.0,4.27,5.0,production_days=168,1065.7,4005.8,5.045,23.1,624.12,0.329,178.3,7.9
BGW-027-C01,BGW-027,2019-10-05T00:00,1419.1,124.0,7.1,7.0,production_days=184,2952.6,7071.0,3.023,39.0,372.75,0.239,199.1,18.3
BGW-027-C02,BGW-027,2020-04-23T18:50,1255.0,124.0,6.27,7.0,production_days=183,2644.8,6403.8,2.985,35.6,368.37,0.237,196.3,16.7
BGW-027-C03,BGW-027,2020-11-07T01:17,1312.4,124.0,6.56,7.0,production_days=175,2457.3,6563.8,3.359,37.0,414.2,0.23,189.6,15.9
BGW-027-C04,BGW-027,2021-05-15T22:44,1491.7,124.0,7.46,7.0,production_days=194,2643.7,7434.0,3.549,37.5,437.42,0.25,208.5,15.5
BGW-027-C05,BGW-027,2021-12-10T18:47,1425.0,124.0,7.13,7.0,production_days=167,2157.6,6765.7,4.154,38.5,511.43,0.221,181.1,14.5
BGW-027-C06,BGW-027,2022-06-12T09:21,1314.8,124.0,6.57,7.0,production_days=147,1799.7,6031.9,4.595,38.2,565.41,0.199,161.6,13.6
BGW-027-C07,BGW-027,2022-11-23T01:06,1460.0,124.0,7.3,7.0,production_days=158,1899.9,6598.9,4.833,38.6,594.51,0.213,173.3,13.4
BGW-027-C08,BGW-027,2023-05-17T23:10,1243.5,124.0,6.22,7.0,production_days=165,1789.5,5950.1,4.371,33.6,538.5,0.221,179.2,12.4
BGW-027-C09,BGW-027,2023-11-13T04:47,1195.3,124.0,5.98,7.0,production_days=161,1656.4,5669.2,4.539,32.6,559.26,0.217,175.0,11.9
BGW-027-C10,BGW-027,2024-05-07T21:08,1216.0,124.0,6.08,7.0,production_days=163,1608.6,5684.4,4.755,32.3,585.72,0.219,176.1,11.5
BGW-027-C11,BGW-027,2024-11-01T08:53,1337.6,124.0,6.69,7.0,production_days=166,1629.1,6041.1,5.164,33.1,635.75,0.226,180.7,11.3
BGW-027-C12,BGW-027,2025-05-03T18:01,1209.3,124.0,6.05,7.0,production_days=171,1548.8,5647.7,4.911,30.4,605.23,0.233,184.0,10.7
BGW-028-C01,BGW-028,2019-10-05T00:00,1480.2,124.0,7.4,7.0,production_days=170,3084.6,7387.1,3.018,33.2,371.96,0.28,184.4,21.1
BGW-028-C02,BGW-028,2020-04-08T07:01,1462.3,124.0,7.31,7.0,production_days=149,2589.2,7073.7,3.552,34.7,437.23,0.252,164.3,19.8
BGW-028-C03,BGW-028,2020-09-21T19:59,1462.6,124.0,7.31,7.0,production_days=177,2825.4,7421.1,3.256,31.0,401.32,0.289,192.3,18.8
BGW-028-C04,BGW-028,2021-04-03T07:27,1327.9,124.0,6.64,7.0,production_days=173,2502.4,6802.7,3.338,29.0,411.59,0.281,186.6,17.4
BGW-028-C05,BGW-028,2021-10-09T10:21,1392.5,124.0,6.96,7.0,production_days=192,2614.7,7244.5,3.35,27.7,413.28,0.305,206.0,16.7
BGW-028-C06,BGW-028,2022-05-05T15:35,1220.5,124.0,6.1,7.0,production_days=168,2117.0,6254.7,3.626,26.7,447.31,0.277,182.1,15.4
BGW-028-C07,BGW-028,2022-11-03T20:34,1218.5,124.0,6.09,7.0,production_days=169,2023.7,6211.8,3.787,26.1,467.16,0.28,183.1,14.7
BGW-028-C08,BGW-028,2023-05-06T18:14,1426.0,124.0,7.13,7.0,production_days=157,1905.7,6660.3,4.707,29.4,579.22,0.27,171.1,14.5
BGW-028-C09,BGW-028,2023-10-26T13:14,1360.0,124.0,6.8,7.0,production_days=189,2089.4,6853.9,4.094,25.4,504.95,0.31,203.8,13.8
BGW-028-C10,BGW-028,2024-05-18T02:27,1395.8,124.0,6.98,7.0,production_days=177,1884.7,6686.9,4.658,26.1,573.86,0.298,191.0,13.2
BGW-028-C11,BGW-028,2024-11-27T09:49,1455.0,124.0,7.28,7.0,production_days=169,1747.7,6621.5,5.237,26.7,644.52,0.29,183.3,12.7
BGW-028-C12,BGW-028,2025-05-30T01:36,1169.8,124.0,5.85,7.0,production_days=183,1638.7,5810.2,4.49,21.8,554.13,0.297,196.8,11.4
BGW-029-C01,BGW-029,2019-10-05T00:00,899.2,124.0,4.5,5.0,production_days=116,1589.6,4254.8,3.558,38.0,438.83,0.224,126.5,15.3
BGW-029-C02,BGW-029,2020-02-10T17:17,804.2,124.0,4.02,5.0,production_days=121,1509.6,3937.5,3.351,34.3,413.85,0.23,130.0,14.3
BGW-029-C03,BGW-029,2020-06-22T11:28,999.9,124.0,5.0,5.0,production_days=130,1659.2,4755.4,3.791,37.3,467.5,0.248,141.0,14.3
BGW-029-C04,BGW-029,2020-11-11T19:31,812.6,124.0,4.06,5.0,production_days=130,1466.0,4039.7,3.487,32.2,430.83,0.245,139.1,13.1
BGW-029-C05,BGW-029,2021-03-31T01:38,892.0,124.0,4.46,5.0,production_days=138,1520.1,4398.3,3.691,32.7,455.87,0.259,147.5,12.8
BGW-029-C06,BGW-029,2021-08-28T10:53,1004.2,124.0,5.02,5.0,production_days=135,1487.1,4732.3,4.247,34.8,523.8,0.258,146.0,12.6
BGW-029-C07,BGW-029,2022-01-22T19:23,980.7,124.0,4.9,5.0,production_days=122,1279.0,4405.7,4.823,35.5,594.16,0.236,131.9,12.0
BGW-029-C08,BGW-029,2022-06-06T15:37,926.7,124.0,4.63,5.0,production_days=130,1282.6,4321.6,4.544,32.6,560.54,0.251,140.6,11.4
BGW-029-C09,BGW-029,2022-10-26T05:19,989.4,124.0,4.95,5.0,production_days=111,1094.1,4153.5,5.688,35.7,699.97,0.222,121.9,11.1
BGW-029-C10,BGW-029,2023-02-25T16:48,834.5,124.0,4.17,5.0,production_days=147,1275.8,4144.6,4.114,27.9,508.7,0.279,157.2,10.4
BGW-029-C11,BGW-029,2023-08-03T23:34,973.9,124.0,4.87,5.0,production_days=125,1120.9,4242.1,5.465,32.4,673.32,0.251,135.9,10.3
BGW-029-C12,BGW-029,2023-12-18T01:07,827.5,124.0,4.14,5.0,production_days=130,1051.1,3823.2,4.952,28.6,611.28,0.257,139.1,9.7
BGW-030-C01,BGW-030,2019-10-05T00:00,1324.9,124.0,6.62,5.0,production_days=151,2330.5,6272.9,3.576,33.4,440.97,0.412,162.6,17.9
BGW-030-C02,BGW-030,2020-03-17T12:05,1236.2,124.0,6.18,5.0,production_days=132,1903.9,5672.7,4.084,33.6,503.15,0.373,143.2,16.6
BGW-030-C03,BGW-030,2020-08-10T01:50,1122.4,124.0,5.61,5.0,production_days=168,2147.4,5667.3,3.287,27.1,406.43,0.441,179.6,15.5
BGW-030-C04,BGW-030,2021-02-07T07:55,1424.1,124.0,7.12,5.0,production_days=156,2055.5,6559.5,4.358,32.4,536.91,0.426,168.1,15.4
BGW-030-C05,BGW-030,2021-07-25T22:09,1340.7,124.0,6.7,5.0,production_days=144,1773.4,6016.4,4.755,31.7,585.7,0.405,155.7,14.4
BGW-030-C06,BGW-030,2021-12-29T09:56,1403.5,124.0,7.02,5.0,production_days=133,1609.9,5931.0,5.483,33.0,674.62,0.391,146.0,13.9
BGW-030-C07,BGW-030,2022-05-25T23:04,1186.9,124.0,5.93,5.0,production_days=137,1479.6,5287.9,5.045,29.0,621.68,0.398,147.9,12.8
BGW-030-C08,BGW-030,2022-10-23T06:21,1120.2,124.0,5.6,5.0,production_days=165,1620.5,5417.6,4.348,24.9,537.05,0.448,176.6,12.1
BGW-030-C09,BGW-030,2023-04-19T13:02,1245.4,124.0,6.23,5.0,production_days=138,1376.6,5307.3,5.691,28.2,700.74,0.407,150.2,11.9
BGW-030-C10,BGW-030,2023-09-16T18:43,1411.5,124.0,7.06,5.0,production_days=158,1529.1,5999.0,5.806,28.0,714.94,0.448,170.1,11.7
BGW-030-C11,BGW-030,2024-03-06T20:35,1227.3,124.0,6.14,5.0,production_days=166,1436.4,5491.5,5.374,24.4,662.78,0.454,178.1,10.7
BGW-030-C12,BGW-030,2024-09-02T22:20,1138.9,124.0,5.69,5.0,production_days=136,1113.0,4634.2,6.436,24.8,792.52,0.394,146.7,9.8
