event_id,well_id,timestamp,event_type,severity,label_source,notes
EV00001,BGW-001,2020-04-14T14:02,LOW_FILLAGE,medium,SYNTHETIC_RULE,151 consecutive days
EV00002,BGW-001,2019-10-17T10:11,PUMP_WEAR,critical,SYNTHETIC_HAZARD,sampled from modelled failure hazard
EV00003,BGW-001,2020-10-09T21:48,LOW_FILLAGE,medium,SYNTHETIC_RULE,136 consecutive days
EV00004,BGW-001,2021-03-19T08:37,LOW_FILLAGE,medium,SYNTHETIC_RULE,117 consecutive days
EV00005,BGW-001,2021-08-25T05:55,LOW_FILLAGE,medium,SYNTHETIC_RULE,116 consecutive days
EV00006,BGW-001,2022-02-01T17:22,LOW_FILLAGE,medium,SYNTHETIC_RULE,125 consecutive days
EV00007,BGW-001,2022-08-20T09:18,LOW_FILLAGE,medium,SYNTHETIC_RULE,177 consecutive days
EV00008,BGW-001,2022-07-04T22:37,ROD_PART,critical,SYNTHETIC_HAZARD,sampled from modelled failure hazard
EV00009,BGW-001,2023-03-06T02:21,LOW_FILLAGE,medium,SYNTHETIC_RULE,186 consecutive days
EV00010,BGW-001,2023-09-13T23:39,LOW_FILLAGE,medium,SYNTHETIC_RULE,180 consecutive days
EV00011,BGW-001,2024-03-07T19:12,LOW_FILLAGE,medium,SYNTHETIC_RULE,165 consecutive days
EV00012,BGW-001,2024-09-18T09:16,LOW_FILLAGE,medium,SYNTHETIC_RULE,184 consecutive days
EV00013,BGW-001,2025-03-12T10:33,LOW_FILLAGE,medium,SYNTHETIC_RULE,164 consecutive days
EV00014,BGW-001,2025-09-21T05:00,LOW_FILLAGE,medium,SYNTHETIC_RULE,181 consecutive days
EV00015,BGW-001,2025-08-27T22:17,ROD_PART,critical,SYNTHETIC_HAZARD,sampled from modelled failure hazard
EV00016,BGW-002,2020-04-09T13:52,HIGH_IMPACT,high,SYNTHETIC_RULE,179 consecutive days
EV00017,BGW-002,2020-09-21T17:19,HIGH_IMPACT,high,SYNTHETIC_RULE,154 consecutive days
EV00018,BGW-002,2021-04-16T00:10,HIGH_IMPACT,high,SYNTHETIC_RULE,196 consecutive days
EV00019,BGW-002,2021-10-18T16:13,HIGH_IMPACT,high,SYNTHETIC_RULE,175 consecutive days
EV00020,BGW-002,2022-04-07T16:15,HIGH_IMPACT,high,SYNTHETIC_RULE,159 consecutive days
EV00021,BGW-002,2022-09-14T21:49,HIGH_IMPACT,high,SYNTHETIC_RULE,149 consecutive days
EV00022,BGW-002,2023-02-27T08:10,HIGH_IMPACT,high,SYNTHETIC_RULE,155 consecutive days
EV00023,BGW-002,2023-08-27T18:24,HIGH_IMPACT,high,SYNTHETIC_RULE,169 consecutive days
EV00024,BGW-002,2024-02-27T11:17,HIGH_IMPACT,high,SYNTHETIC_RULE,173 consecutive days
EV00025,BGW-002,2024-01-08T16:47,ROD_PART,critical,SYNTHETIC_HAZARD,sampled from modelled failure hazard
EV00026,BGW-002,2024-09-07T16:24,HIGH_IMPACT,high,SYNTHETIC_RULE,182 consecutive days
EV00027,BGW-002,2025-03-16T22:16,HIGH_IMPACT,high,SYNTHETIC_RULE,180 consecutive days
EV00028,BGW-002,2025-09-21T04:36,HIGH_IMPACT,high,SYNTHETIC_RULE,177 consecutive days
EV00029,BGW-003,2020-03-17T12:58,LOW_FILLAGE,medium,SYNTHETIC_RULE,156 consecutive days
EV00030,BGW-003,2019-11-28T15:30,PUMP_WEAR,critical,SYNTHETIC_HAZARD,sampled from modelled failure hazard
EV00031,BGW-003,2020-08-05T13:21,LOW_FILLAGE,medium,SYNTHETIC_RULE,131 consecutive days
EV00032,BGW-003,2021-01-01T17:13,LOW_FILLAGE,medium,SYNTHETIC_RULE,137 consecutive days
EV00033,BGW-003,2020-12-01T23:15,ROD_PART,critical,SYNTHETIC_HAZARD,sampled from modelled failure hazard
EV00034,BGW-003,2021-06-20T09:07,LOW_FILLAGE,medium,SYNTHETIC_RULE,158 consecutive days
EV00035,BGW-003,2021-11-22T14:18,LOW_FILLAGE,medium,SYNTHETIC_RULE,143 consecutive days
EV00036,BGW-003,2022-04-16T09:23,LOW_FILLAGE,medium,SYNTHETIC_RULE,134 consecutive days
EV00037,BGW-003,2022-09-08T05:02,LOW_FILLAGE,medium,SYNTHETIC_RULE,134 consecutive days
EV00038,BGW-003,2022-09-04T01:53,ROD_PART,critical,SYNTHETIC_HAZARD,sampled from modelled failure hazard
EV00039,BGW-003,2023-01-30T06:22,LOW_FILLAGE,medium,SYNTHETIC_RULE,135 consecutive days
EV00040,BGW-003,2023-06-23T17:48,LOW_FILLAGE,medium,SYNTHETIC_RULE,135 consecutive days
EV00041,BGW-003,2023-12-08T02:20,LOW_FILLAGE,medium,SYNTHETIC_RULE,156 consecutive days
EV00042,BGW-003,2024-05-02T08:57,LOW_FILLAGE,medium,SYNTHETIC_RULE,135 consecutive days
EV00043,BGW-003,2024-09-21T19:57,LOW_FILLAGE,medium,SYNTHETIC_RULE,130 consecutive days
EV00044,BGW-004,2020-02-29T22:46,LOW_FILLAGE,medium,SYNTHETIC_RULE,104 consecutive days
EV00045,BGW-004,2020-08-02T11:18,LOW_FILLAGE,medium,SYNTHETIC_RULE,118 consecutive days
EV00046,BGW-004,2020-07-22T09:57,PUMP_WEAR,critical,SYNTHETIC_HAZARD,sampled from modelled failure hazard
EV00047,BGW-004,2021-01-21T03:00,LOW_FILLAGE,medium,SYNTHETIC_RULE,131 consecutive days
EV00048,BGW-004,2021-07-08T01:58,LOW_FILLAGE,medium,SYNTHETIC_RULE,128 consecutive days
EV00049,BGW-004,2021-12-27T07:50,LOW_FILLAGE,medium,SYNTHETIC_RULE,161 consecutive days
EV00050,BGW-004,2022-06-19T16:04,LOW_FILLAGE,medium,SYNTHETIC_RULE,162 consecutive days
EV00051,BGW-004,2022-11-12T19:05,LOW_FILLAGE,medium,SYNTHETIC_RULE,136 consecutive days
EV00052,BGW-004,2023-04-15T08:15,LOW_FILLAGE,medium,SYNTHETIC_RULE,141 consecutive days
EV00053,BGW-004,2023-09-21T11:15,LOW_FILLAGE,medium,SYNTHETIC_RULE,146 consecutive days
EV00054,BGW-004,2023-06-04T07:24,PUMP_WEAR,critical,SYNTHETIC_HAZARD,sampled from modelled failure hazard
EV00055,BGW-004,2024-03-09T21:22,LOW_FILLAGE,medium,SYNTHETIC_RULE,159 consecutive days
EV00056,BGW-004,2024-03-01T05:26,ROD_PART,critical,SYNTHETIC_HAZARD,sampled from modelled failure hazard
EV00057,BGW-004,2024-08-02T12:43,LOW_FILLAGE,medium,SYNTHETIC_RULE,134 consecutive days
EV00058,BGW-004,2024-12-21T09:49,LOW_FILLAGE,medium,SYNTHETIC_RULE,130 consecutive days
EV00059,BGW-005,2020-03-01T16:32,HIGH_IMPACT,high,SYNTHETIC_RULE,140 consecutive days
EV00060,BGW-005,2020-08-16T15:34,HIGH_IMPACT,high,SYNTHETIC_RULE,156 consecutive days
EV00061,BGW-005,2021-02-07T07:58,HIGH_IMPACT,high,SYNTHETIC_RULE,162 consecutive days
EV00062,BGW-005,2021-07-30T19:35,HIGH_IMPACT,high,SYNTHETIC_RULE,161 consecutive days
EV00063,BGW-005,2022-01-28T13:19,HIGH_IMPACT,high,SYNTHETIC_RULE,171 consecutive days
EV00064,BGW-005,2022-06-30T02:51,HIGH_IMPACT,high,SYNTHETIC_RULE,141 consecutive days
EV00065,BGW-005,2022-12-01T02:20,HIGH_IMPACT,high,SYNTHETIC_RULE,141 consecutive days
EV00066,BGW-005,2022-08-14T01:09,ROD_PART,critical,SYNTHETIC_HAZARD,sampled from modelled failure hazard
EV00067,BGW-005,2023-04-21T18:33,HIGH_IMPACT,high,SYNTHETIC_RULE,131 consecutive days
EV00068,BGW-005,2023-10-20T09:10,HIGH_IMPACT,high,SYNTHETIC_RULE,170 consecutive days
EV00069,BGW-005,2023-07-29T12:36,PUMP_WEAR,critical,SYNTHETIC_HAZARD,sampled from modelled failure hazard
EV00070,BGW-005,2024-04-15T09:01,HIGH_IMPACT,high,SYNTHETIC_RULE,168 consecutive days
EV00071,BGW-005,2024-09-29T10:40,HIGH_IMPACT,high,SYNTHETIC_RULE,155 consecutive days
EV00072,BGW-005,2025-03-11T13:58,HIGH_IMPACT,high,SYNTHETIC_RULE,151 consecutive days
EV00073,BGW-006,2020-02-14T16:01,HIGH_IMPACT,high,SYNTHETIC_RULE,93 consecutive days
EV00074,BGW-006,2020-07-27T11:38,HIGH_IMPACT,high,SYNTHETIC_RULE,118 consecutive days
EV00075,BGW-006,2020-04-28T22:09,ROD_PART,critical,SYNTHETIC_HAZARD,sampled from modelled failure hazard
EV00076,BGW-006,2020-12-20T15:07,HIGH_IMPACT,high,SYNTHETIC_RULE,110 consecutive days
EV00077,BGW-006,2021-05-09T03:43,HIGH_IMPACT,high,SYNTHETIC_RULE,96 consecutive days
EV00078,BGW-006,2021-10-14T02:03,HIGH_IMPACT,high,SYNTHETIC_RULE,119 consecutive days
EV00079,BGW-006,2022-03-07T08:11,HIGH_IMPACT,high,SYNTHETIC_RULE,118 consecutive days
EV00080,BGW-006,2022-02-12T13:06,PUMP_WEAR,critical,SYNTHETIC_HAZARD,sampled from modelled failure hazard
EV00081,BGW-006,2022-08-08T08:01,HIGH_IMPACT,high,SYNTHETIC_RULE,140 consecutive days
EV00082,BGW-006,2023-01-01T09:29,HIGH_IMPACT,high,SYNTHETIC_RULE,132 consecutive days
EV00083,BGW-006,2023-06-07T19:21,HIGH_IMPACT,high,SYNTHETIC_RULE,143 consecutive days
EV00084,BGW-006,2023-10-17T02:56,HIGH_IMPACT,high,SYNTHETIC_RULE,118 consecutive days
EV00085,BGW-006,2024-03-04T11:08,HIGH_IMPACT,high,SYNTHETIC_RULE,124 consecutive days
EV00086,BGW-006,2024-02-24T17:47,ROD_PART,critical,SYNTHETIC_HAZARD,sampled from modelled failure hazard
EV00087,BGW-006,2024-07-25T12:48,HIGH_IMPACT,high,SYNTHETIC_RULE,130 consecutive days
EV00088,BGW-007,2020-02-10T09:31,LOW_FILLAGE,medium,SYNTHETIC_RULE,89 consecutive days
EV00089,BGW-007,2020-06-21T06:10,LOW_FILLAGE,medium,SYNTHETIC_RULE,86 consecutive days
EV00090,BGW-007,2020-10-24T03:42,LOW_FILLAGE,medium,SYNTHETIC_RULE,83 consecutive days
EV00091,BGW-007,2021-03-23T01:38,LOW_FILLAGE,medium,SYNTHETIC_RULE,115 consecutive days
EV00092,BGW-007,2021-08-04T11:15,LOW_FILLAGE,medium,SYNTHETIC_RULE,108 consecutive days
EV00093,BGW-007,2021-04-21T08:12,ROD_PART,critical,SYNTHETIC_HAZARD,sampled from modelled failure hazard
EV00094,BGW-007,2021-12-30T03:02,LOW_FILLAGE,medium,SYNTHETIC_RULE,134 consecutive days
EV00095,BGW-007,2022-05-31T10:47,LOW_FILLAGE,medium,SYNTHETIC_RULE,140 consecutive days
EV00096,BGW-007,2022-10-19T14:00,LOW_FILLAGE,medium,SYNTHETIC_RULE,127 consecutive days
EV00097,BGW-007,2023-03-23T12:36,LOW_FILLAGE,medium,SYNTHETIC_RULE,140 consecutive days
EV00098,BGW-007,2023-08-17T08:11,LOW_FILLAGE,medium,SYNTHETIC_RULE,134 consecutive days
EV00099,BGW-007,2024-01-07T15:06,LOW_FILLAGE,medium,SYNTHETIC_RULE,130 consecutive days
EV00100,BGW-007,2023-11-30T01:54,PUMP_WEAR,critical,SYNTHETIC_HAZARD,sampled from modelled failure hazard
EV00101,BGW-007,2024-05-15T04:27,LOW_FILLAGE,medium,SYNTHETIC_RULE,115 consecutive days
EV00102,BGW-007,2024-05-09T01:13,ROD_PART,critical,SYNTHETIC_HAZARD,sampled from modelled failure hazard
EV00103,BGW-008,2020-03-20T07:34,HIGH_IMPACT,high,SYNTHETIC_RULE,156 consecutive days
EV00104,BGW-008,2019-12-27T21:17,PUMP_WEAR,critical,SYNTHETIC_HAZARD,sampled from modelled failure hazard
EV00105,BGW-008,2020-09-08T23:16,HIGH_IMPACT,high,SYNTHETIC_RULE,159 consecutive days
EV00106,BGW-008,2021-02-14T13:12,HIGH_IMPACT,high,SYNTHETIC_RULE,146 consecutive days
EV00107,BGW-008,2021-07-19T16:26,HIGH_IMPACT,high,SYNTHETIC_RULE,140 consecutive days
EV00108,BGW-008,2021-12-26T21:10,HIGH_IMPACT,high,SYNTHETIC_RULE,145 consecutive days
EV00109,BGW-008,2022-06-19T08:32,HIGH_IMPACT,high,SYNTHETIC_RULE,162 consecutive days
EV00110,BGW-008,2022-11-25T23:28,HIGH_IMPACT,high,SYNTHETIC_RULE,147 consecutive days
EV00111,BGW-008,2022-10-21T19:34,ROD_PART,critical,SYNTHETIC_HAZARD,sampled from modelled failure hazard
EV00112,BGW-008,2023-05-22T12:10,HIGH_IMPACT,high,SYNTHETIC_RULE,164 consecutive days
EV00113,BGW-008,2023-01-25T02:01,ROD_PART,critical,SYNTHETIC_HAZARD,sampled from modelled failure hazard
EV00114,BGW-008,2023-10-27T10:15,HIGH_IMPACT,high,SYNTHETIC_RULE,145 consecutive days
EV00115,BGW-008,2023-07-02T11:31,PUMP_WEAR,critical,SYNTHETIC_HAZARD,sampled from modelled failure hazard
EV00116,BGW-008,2024-04-18T15:08,HIGH_IMPACT,high,SYNTHETIC_RULE,162 consecutive days
EV00117,BGW-008,2023-11-15T03:37,PUMP_WEAR,critical,SYNTHETIC_HAZARD,sampled from modelled failure hazard
EV00118,BGW-008,2024-09-17T11:53,HIGH_IMPACT,high,SYNTHETIC_RULE,139 consecutive days
EV00119,BGW-008,2025-02-12T23:59,HIGH_IMPACT,high,SYNTHETIC_RULE,135 consecutive days
EV00120,BGW-009,2020-02-12T09:58,HIGH_IMPACT,high,SYNTHETIC_RULE,119 consecutive days
EV00121,BGW-009,2020-02-12T09:42,ROD_PART,critical,SYNTHETIC_HAZARD,sampled from modelled failure hazard
EV00122,BGW-009,2020-07-23T23:32,HIGH_IMPACT,high,SYNTHETIC_RULE,150 consecutive days
EV00123,BGW-009,2020-12-16T15:35,HIGH_IMPACT,high,SYNTHETIC_RULE,134 consecutive days
EV00124,BGW-009,2021-04-18T19:43,HIGH_IMPACT,high,SYNTHETIC_RULE,111 consecutive days
EV00125,BGW-009,2021-01-07T05:52,PUMP_WEAR,critical,SYNTHETIC_HAZARD,sampled from modelled failure hazard
EV00126,BGW-009,2021-08-22T14:29,HIGH_IMPACT,high,SYNTHETIC_RULE,114 consecutive days
EV00127,BGW-009,2021-06-20T05:13,PUMP_WEAR,critical,SYNTHETIC_HAZARD,sampled from modelled failure hazard
EV00128,BGW-009,2021-12-24T03:00,HIGH_IMPACT,high,SYNTHETIC_RULE,111 consecutive days
EV00129,BGW-009,2021-12-13T18:26,PUMP_WEAR,critical,SYNTHETIC_HAZARD,sampled from modelled failure hazard
EV00130,BGW-009,2022-05-08T17:44,HIGH_IMPACT,high,SYNTHETIC_RULE,123 consecutive days
EV00131,BGW-009,2022-01-09T20:49,ROD_PART,critical,SYNTHETIC_HAZARD,sampled from modelled failure hazard
EV00132,BGW-009,2022-09-12T21:04,HIGH_IMPACT,high,SYNTHETIC_RULE,115 consecutive days
EV00133,BGW-009,2022-06-29T10:54,PUMP_WEAR,critical,SYNTHETIC_HAZARD,sampled from modelled failure hazard
EV00134,BGW-009,2023-02-13T13:41,HIGH_IMPACT,high,SYNTHETIC_RULE,142 consecutive days
EV00135,BGW-009,2023-06-21T22:36,HIGH_IMPACT,high,SYNTHETIC_RULE,115 consecutive days
EV00136,BGW-009,2023-06-17T10:45,PUMP_WEAR,critical,SYNTHETIC_HAZARD,sampled from modelled failure hazard
EV00137,BGW-009,2023-11-14T04:01,HIGH_IMPACT,high,SYNTHETIC_RULE,131 consecutive days
EV00138,BGW-009,2023-07-15T22:12,PUMP_WEAR,critical,SYNTHETIC_HAZARD,sampled from modelled failure hazard
EV00139,BGW-009,2024-04-17T10:21,HIGH_IMPACT,high,SYNTHETIC_RULE,143 consecutive days
EV00140,BGW-010,2020-03-08T01:32,HIGH_IMPACT,high,SYNTHETIC_RULE,147 consecutive days
EV00141,BGW-010,2020-09-25T03:38,HIGH_IMPACT,high,SYNTHETIC_RULE,189 consecutive days
EV00142,BGW-010,2021-02-27T14:13,HIGH_IMPACT,high,SYNTHETIC_RULE,145 consecutive days
EV00143,BGW-010,2021-08-27T23:28,HIGH_IMPACT,high,SYNTHETIC_RULE,171 consecutive days
EV00144,BGW-010,2022-02-14T22:05,HIGH_IMPACT,high,SYNTHETIC_RULE,159 consecutive days
EV00145,BGW-010,2022-07-22T09:18,HIGH_IMPACT,high,SYNTHETIC_RULE,147 consecutive days
EV00146,BGW-010,2023-01-20T00:34,HIGH_IMPACT,high,SYNTHETIC_RULE,171 consecutive days
EV00147,BGW-010,2023-08-12T10:32,HIGH_IMPACT,high,SYNTHETIC_RULE,193 consecutive days
EV00148,BGW-010,2023-04-21T02:02,ROD_PART,critical,SYNTHETIC_HAZARD,sampled from modelled failure hazard
EV00149,BGW-010,2024-02-22T14:36,HIGH_IMPACT,high,SYNTHETIC_RULE,182 consecutive days
EV00150,BGW-010,2024-07-28T04:01,HIGH_IMPACT,high,SYNTHETIC_RULE,146 consecutive days
EV00151,BGW-010,2025-02-18T05:04,HIGH_IMPACT,high,SYNTHETIC_RULE,195 consecutive days
EV00152,BGW-010,2025-08-25T18:52,HIGH_IMPACT,high,SYNTHETIC_RULE,179 consecutive days
EV00153,BGW-010,2025-03-04T01:38,ROD_PART,critical,SYNTHETIC_HAZARD,sampled from modelled failure hazard
EV00154,BGW-011,2020-04-05T06:27,HIGH_IMPACT,high,SYNTHETIC_RULE,171 consecutive days
EV00155,BGW-011,2020-10-28T02:26,HIGH_IMPACT,high,SYNTHETIC_RULE,191 consecutive days
EV00156,BGW-011,2021-05-20T00:19,HIGH_IMPACT,high,SYNTHETIC_RULE,189 consecutive days
EV00157,BGW-011,2021-12-03T12:11,HIGH_IMPACT,high,SYNTHETIC_RULE,182 consecutive days
EV00158,BGW-011,2022-05-16T15:30,HIGH_IMPACT,high,SYNTHETIC_RULE,148 consecutive days
EV00159,BGW-011,2022-11-10T12:51,HIGH_IMPACT,high,SYNTHETIC_RULE,163 consecutive days
EV00160,BGW-011,2022-09-11T02:34,ROD_PART,critical,SYNTHETIC_HAZARD,sampled from modelled failure hazard
EV00161,BGW-011,2023-06-06T15:48,HIGH_IMPACT,high,SYNTHETIC_RULE,194 consecutive days
EV00162,BGW-011,2023-11-24T10:11,HIGH_IMPACT,high,SYNTHETIC_RULE,154 consecutive days
EV00163,BGW-011,2024-06-16T06:03,HIGH_IMPACT,high,SYNTHETIC_RULE,190 consecutive days
EV00164,BGW-011,2024-12-18T17:34,HIGH_IMPACT,high,SYNTHETIC_RULE,171 consecutive days
EV00165,BGW-011,2025-07-05T21:14,HIGH_IMPACT,high,SYNTHETIC_RULE,186 consecutive days
EV00166,BGW-011,2025-12-23T20:40,HIGH_IMPACT,high,SYNTHETIC_RULE,158 consecutive days
EV00167,BGW-011,2025-10-20T00:38,ROD_PART,critical,SYNTHETIC_HAZARD,sampled from modelled failure hazard
EV00168,BGW-012,2020-02-11T08:41,HIGH_IMPACT,high,SYNTHETIC_RULE,89 consecutive days
EV00169,BGW-012,2020-07-01T12:48,HIGH_IMPACT,high,SYNTHETIC_RULE,101 consecutive days
EV00170,BGW-012,2020-11-14T04:47,HIGH_IMPACT,high,SYNTHETIC_RULE,93 consecutive days
EV00171,BGW-012,2021-04-20T21:23,HIGH_IMPACT,high,SYNTHETIC_RULE,120 consecutive days
EV00172,BGW-012,2021-09-28T23:11,HIGH_IMPACT,high,SYNTHETIC_RULE,134 consecutive days
EV00173,BGW-012,2021-09-23T19:13,ROD_PART,critical,SYNTHETIC_HAZARD,sampled from modelled failure hazard
EV00174,BGW-012,2022-02-05T20:26,HIGH_IMPACT,high,SYNTHETIC_RULE,119 consecutive days
EV00175,BGW-012,2021-12-20T08:26,ROD_PART,critical,SYNTHETIC_HAZARD,sampled from modelled failure hazard
EV00176,BGW-012,2022-07-10T13:02,HIGH_IMPACT,high,SYNTHETIC_RULE,143 consecutive days
EV00177,BGW-012,2022-12-02T00:33,HIGH_IMPACT,high,SYNTHETIC_RULE,132 consecutive days
EV00178,BGW-012,2023-04-20T12:25,HIGH_IMPACT,high,SYNTHETIC_RULE,126 consecutive days
EV00179,BGW-012,2023-09-20T11:37,HIGH_IMPACT,high,SYNTHETIC_RULE,141 consecutive days
EV00180,BGW-012,2024-02-19T17:08,HIGH_IMPACT,high,SYNTHETIC_RULE,139 consecutive days
EV00181,BGW-012,2024-06-30T00:05,HIGH_IMPACT,high,SYNTHETIC_RULE,118 consecutive days
EV00182,BGW-013,2020-04-21T12:45,HIGH_IMPACT,high,SYNTHETIC_RULE,190 consecutive days
EV00183,BGW-013,2020-11-11T00:09,HIGH_IMPACT,high,SYNTHETIC_RULE,192 consecutive days
EV00184,BGW-013,2021-06-04T09:58,HIGH_IMPACT,high,SYNTHETIC_RULE,193 consecutive days
EV00185,BGW-013,2021-12-08T23:17,HIGH_IMPACT,high,SYNTHETIC_RULE,176 consecutive days
EV00186,BGW-013,2021-06-25T16:15,ROD_PART,critical,SYNTHETIC_HAZARD,sampled from modelled failure hazard
EV00187,BGW-013,2022-06-02T12:05,HIGH_IMPACT,high,SYNTHETIC_RULE,164 consecutive days
EV00188,BGW-013,2022-12-25T10:31,HIGH_IMPACT,high,SYNTHETIC_RULE,193 consecutive days
EV00189,BGW-013,2023-06-18T16:25,HIGH_IMPACT,high,SYNTHETIC_RULE,164 consecutive days
EV00190,BGW-013,2023-12-25T06:17,HIGH_IMPACT,high,SYNTHETIC_RULE,178 consecutive days
EV00191,BGW-013,2024-07-15T16:27,HIGH_IMPACT,high,SYNTHETIC_RULE,191 consecutive days
EV00192,BGW-013,2024-05-29T22:30,ROD_PART,critical,SYNTHETIC_HAZARD,sampled from modelled failure hazard
EV00193,BGW-013,2025-01-13T20:17,HIGH_IMPACT,high,SYNTHETIC_RULE,171 consecutive days
EV00194,BGW-013,2025-08-03T11:15,HIGH_IMPACT,high,SYNTHETIC_RULE,189 consecutive days
EV00195,BGW-013,2025-08-01T09:09,PUMP_WEAR,critical,SYNTHETIC_HAZARD,sampled from modelled failure hazard
EV00196,BGW-013,2026-01-12T20:58,HIGH_IMPACT,high,SYNTHETIC_RULE,150 consecutive days
EV00197,BGW-014,2020-03-04T00:34,LOW_FILLAGE,medium,SYNTHETIC_RULE,142 consecutive days
EV00198,BGW-014,2020-07-10T23:41,LOW_FILLAGE,medium,SYNTHETIC_RULE,119 consecutive days
EV00199,BGW-014,2020-12-03T14:01,LOW_FILLAGE,medium,SYNTHETIC_RULE,135 consecutive days
EV00200,BGW-014,2021-04-16T17:00,LOW_FILLAGE,medium,SYNTHETIC_RULE,125 consecutive days
EV00201,BGW-014,2021-09-15T20:59,LOW_FILLAGE,medium,SYNTHETIC_RULE,141 consecutive days
EV00202,BGW-014,2022-02-01T16:29,LOW_FILLAGE,medium,SYNTHETIC_RULE,129 consecutive days
EV00203,BGW-014,2022-06-20T09:04,LOW_FILLAGE,medium,SYNTHETIC_RULE,128 consecutive days
EV00204,BGW-014,2022-11-26T17:50,LOW_FILLAGE,medium,SYNTHETIC_RULE,148 consecutive days
EV00205,BGW-014,2023-05-02T14:53,LOW_FILLAGE,medium,SYNTHETIC_RULE,146 consecutive days
EV00206,BGW-014,2023-09-20T22:59,LOW_FILLAGE,medium,SYNTHETIC_RULE,130 consecutive days
EV00207,BGW-014,2024-02-20T19:15,LOW_FILLAGE,medium,SYNTHETIC_RULE,143 consecutive days
EV00208,BGW-014,2024-07-12T23:49,LOW_FILLAGE,medium,SYNTHETIC_RULE,131 consecutive days
EV00209,BGW-014,2024-03-13T15:05,PUMP_WEAR,critical,SYNTHETIC_HAZARD,sampled from modelled failure hazard
EV00210,BGW-015,2020-03-25T02:55,HIGH_IMPACT,high,SYNTHETIC_RULE,160 consecutive days
EV00211,BGW-015,2020-01-02T21:33,PUMP_WEAR,critical,SYNTHETIC_HAZARD,sampled from modelled failure hazard
EV00212,BGW-015,2020-09-11T23:51,HIGH_IMPACT,high,SYNTHETIC_RULE,158 consecutive days
EV00213,BGW-015,2021-04-01T02:24,HIGH_IMPACT,high,SYNTHETIC_RULE,186 consecutive days
EV00214,BGW-015,2020-12-28T14:22,ROD_PART,critical,SYNTHETIC_HAZARD,sampled from modelled failure hazard
EV00215,BGW-015,2021-10-03T21:17,HIGH_IMPACT,high,SYNTHETIC_RULE,171 consecutive days
EV00216,BGW-015,2022-04-08T04:34,HIGH_IMPACT,high,SYNTHETIC_RULE,173 consecutive days
EV00217,BGW-015,2021-11-01T20:39,PUMP_WEAR,critical,SYNTHETIC_HAZARD,sampled from modelled failure hazard
EV00218,BGW-015,2022-10-18T14:58,HIGH_IMPACT,high,SYNTHETIC_RULE,181 consecutive days
EV00219,BGW-015,2022-09-30T08:54,PUMP_WEAR,critical,SYNTHETIC_HAZARD,sampled from modelled failure hazard
EV00220,BGW-015,2023-03-27T12:44,HIGH_IMPACT,high,SYNTHETIC_RULE,145 consecutive days
EV00221,BGW-015,2023-09-07T08:29,HIGH_IMPACT,high,SYNTHETIC_RULE,148 consecutive days
EV00222,BGW-015,2024-03-23T09:02,HIGH_IMPACT,high,SYNTHETIC_RULE,182 consecutive days
EV00223,BGW-015,2024-09-04T04:01,HIGH_IMPACT,high,SYNTHETIC_RULE,150 consecutive days
EV00224,BGW-015,2025-03-31T21:18,HIGH_IMPACT,high,SYNTHETIC_RULE,196 consecutive days
EV00225,BGW-015,2025-09-21T16:36,HIGH_IMPACT,high,SYNTHETIC_RULE,159 consecutive days
EV00226,BGW-016,2020-03-04T06:36,HIGH_IMPACT,high,SYNTHETIC_RULE,143 consecutive days
EV00227,BGW-016,2019-11-09T20:18,PUMP_WEAR,critical,SYNTHETIC_HAZARD,sampled from modelled failure hazard
EV00228,BGW-016,2020-08-16T10:42,HIGH_IMPACT,high,SYNTHETIC_RULE,155 consecutive days
EV00229,BGW-016,2021-01-06T09:22,HIGH_IMPACT,high,SYNTHETIC_RULE,132 consecutive days
EV00230,BGW-016,2021-06-26T01:10,HIGH_IMPACT,high,SYNTHETIC_RULE,161 consecutive days
EV00231,BGW-016,2021-11-22T15:36,HIGH_IMPACT,high,SYNTHETIC_RULE,139 consecutive days
EV00232,BGW-016,2022-04-11T13:47,HIGH_IMPACT,high,SYNTHETIC_RULE,130 consecutive days
EV00233,BGW-016,2022-09-21T10:34,HIGH_IMPACT,high,SYNTHETIC_RULE,153 consecutive days
EV00234,BGW-016,2023-02-25T03:26,HIGH_IMPACT,high,SYNTHETIC_RULE,144 consecutive days
EV00235,BGW-016,2023-02-22T04:26,PUMP_WEAR,critical,SYNTHETIC_HAZARD,sampled from modelled failure hazard
EV00236,BGW-016,2023-07-21T03:32,HIGH_IMPACT,high,SYNTHETIC_RULE,136 consecutive days
EV00237,BGW-016,2024-01-21T09:42,HIGH_IMPACT,high,SYNTHETIC_RULE,173 consecutive days
EV00238,BGW-016,2024-06-29T10:28,HIGH_IMPACT,high,SYNTHETIC_RULE,149 consecutive days
EV00239,BGW-016,2024-11-28T00:32,HIGH_IMPACT,high,SYNTHETIC_RULE,141 consecutive days
EV00240,BGW-016,2024-09-11T02:15,ROD_PART,critical,SYNTHETIC_HAZARD,sampled from modelled failure hazard
EV00241,BGW-017,2020-03-28T01:20,HIGH_IMPACT,high,SYNTHETIC_RULE,138 consecutive days
EV00242,BGW-017,2020-08-31T01:51,HIGH_IMPACT,high,SYNTHETIC_RULE,117 consecutive days
EV00243,BGW-017,2021-03-01T03:44,HIGH_IMPACT,high,SYNTHETIC_RULE,150 consecutive days
EV00244,BGW-017,2021-01-03T23:54,PUMP_WEAR,critical,SYNTHETIC_HAZARD,sampled from modelled failure hazard
EV00245,BGW-017,2021-08-27T06:23,HIGH_IMPACT,high,SYNTHETIC_RULE,151 consecutive days
EV00246,BGW-017,2022-02-05T12:01,HIGH_IMPACT,high,SYNTHETIC_RULE,151 consecutive days
EV00247,BGW-017,2022-07-28T21:07,HIGH_IMPACT,high,SYNTHETIC_RULE,164 consecutive days
EV00248,BGW-017,2023-01-14T01:59,HIGH_IMPACT,high,SYNTHETIC_RULE,158 consecutive days
EV00249,BGW-017,2022-11-09T02:56,PUMP_WEAR,critical,SYNTHETIC_HAZARD,sampled from modelled failure hazard
EV00250,BGW-017,2023-06-12T08:19,HIGH_IMPACT,high,SYNTHETIC_RULE,138 consecutive days
EV00251,BGW-017,2023-11-14T15:27,HIGH_IMPACT,high,SYNTHETIC_RULE,144 consecutive days
EV00252,BGW-017,2023-09-22T07:43,ROD_PART,critical,SYNTHETIC_HAZARD,sampled from modelled failure hazard
EV00253,BGW-017,2024-04-06T13:11,HIGH_IMPACT,high,SYNTHETIC_RULE,131 consecutive days
EV00254,BGW-017,2024-09-09T03:48,HIGH_IMPACT,high,SYNTHETIC_RULE,145 consecutive days
EV00255,BGW-017,2025-02-26T04:10,HIGH_IMPACT,high,SYNTHETIC_RULE,159 consecutive days
EV00256,BGW-018,2020-02-28T07:24,HIGH_IMPACT,high,SYNTHETIC_RULE,137 consecutive days
EV00257,BGW-018,2020-07-22T13:32,HIGH_IMPACT,high,SYNTHETIC_RULE,133 consecutive days
EV00258,BGW-018,2020-04-10T19:41,ROD_PART,critical,SYNTHETIC_HAZARD,sampled from modelled failure hazard
EV00259,BGW-018,2020-12-17T12:26,HIGH_IMPACT,high,SYNTHETIC_RULE,137 consecutive days
EV00260,BGW-018,2021-05-12T10:20,HIGH_IMPACT,high,SYNTHETIC_RULE,135 consecutive days
EV00261,BGW-018,2021-01-14T23:06,PUMP_WEAR,critical,SYNTHETIC_HAZARD,sampled from modelled failure hazard
EV00262,BGW-018,2021-09-17T00:11,HIGH_IMPACT,high,SYNTHETIC_RULE,116 consecutive days
EV00263,BGW-018,2022-02-24T16:27,HIGH_IMPACT,high,SYNTHETIC_RULE,149 consecutive days
EV00264,BGW-018,2022-07-20T23:08,HIGH_IMPACT,high,SYNTHETIC_RULE,134 consecutive days
EV00265,BGW-018,2022-12-19T20:37,HIGH_IMPACT,high,SYNTHETIC_RULE,140 consecutive days
EV00266,BGW-018,2022-11-25T14:09,ROD_PART,critical,SYNTHETIC_HAZARD,sampled from modelled failure hazard
EV00267,BGW-018,2023-05-27T12:30,HIGH_IMPACT,high,SYNTHETIC_RULE,145 consecutive days
EV00268,BGW-018,2023-10-07T11:33,HIGH_IMPACT,high,SYNTHETIC_RULE,120 consecutive days
EV00269,BGW-018,2024-02-20T13:20,HIGH_IMPACT,high,SYNTHETIC_RULE,123 consecutive days
EV00270,BGW-018,2024-07-08T10:43,HIGH_IMPACT,high,SYNTHETIC_RULE,128 consecutive days
EV00271,BGW-019,2020-04-09T18:19,LOW_FILLAGE,medium,SYNTHETIC_RULE,179 consecutive days
EV00272,BGW-019,2020-10-19T16:03,LOW_FILLAGE,medium,SYNTHETIC_RULE,183 consecutive days
EV00273,BGW-019,2020-07-14T08:35,ROD_PART,critical,SYNTHETIC_HAZARD,sampled from modelled failure hazard
EV00274,BGW-019,2021-05-05T08:50,LOW_FILLAGE,medium,SYNTHETIC_RULE,187 consecutive days
EV00275,BGW-019,2021-10-19T15:08,LOW_FILLAGE,medium,SYNTHETIC_RULE,155 consecutive days
EV00276,BGW-019,2022-04-30T17:20,LOW_FILLAGE,medium,SYNTHETIC_RULE,181 consecutive days
EV00277,BGW-019,2022-10-29T09:37,LOW_FILLAGE,medium,SYNTHETIC_RULE,171 consecutive days
EV00278,BGW-019,2023-04-27T07:30,LOW_FILLAGE,medium,SYNTHETIC_RULE,170 consecutive days
EV00279,BGW-019,2023-11-04T15:46,LOW_FILLAGE,medium,SYNTHETIC_RULE,180 consecutive days
EV00280,BGW-019,2024-05-05T15:27,LOW_FILLAGE,medium,SYNTHETIC_RULE,171 consecutive days
EV00281,BGW-019,2024-04-28T03:42,ROD_PART,critical,SYNTHETIC_HAZARD,sampled from modelled failure hazard
EV00282,BGW-019,2024-11-20T19:51,LOW_FILLAGE,medium,SYNTHETIC_RULE,189 consecutive days
EV00283,BGW-019,2025-05-14T14:56,LOW_FILLAGE,medium,SYNTHETIC_RULE,163 consecutive days
EV00284,BGW-019,2025-11-01T09:20,LOW_FILLAGE,medium,SYNTHETIC_RULE,161 consecutive days
EV00285,BGW-020,2020-03-12T01:15,HIGH_IMPACT,high,SYNTHETIC_RULE,148 consecutive days
EV00286,BGW-020,2020-02-20T08:13,PUMP_WEAR,critical,SYNTHETIC_HAZARD,sampled from modelled failure hazard
EV00287,BGW-020,2020-07-23T08:59,HIGH_IMPACT,high,SYNTHETIC_RULE,119 consecutive days
EV00288,BGW-020,2020-05-07T22:08,ROD_PART,critical,SYNTHETIC_HAZARD,sampled from modelled failure hazard
EV00289,BGW-020,2020-12-16T19:05,HIGH_IMPACT,high,SYNTHETIC_RULE,132 consecutive days
EV00290,BGW-020,2021-05-12T20:59,HIGH_IMPACT,high,SYNTHETIC_RULE,133 consecutive days
EV00291,BGW-020,2021-05-06T09:33,ROD_PART,critical,SYNTHETIC_HAZARD,sampled from modelled failure hazard
EV00292,BGW-020,2021-09-17T21:00,HIGH_IMPACT,high,SYNTHETIC_RULE,115 consecutive days
EV00293,BGW-020,2022-02-16T22:52,HIGH_IMPACT,high,SYNTHETIC_RULE,139 consecutive days
EV00294,BGW-020,2021-12-08T20:52,PUMP_WEAR,critical,SYNTHETIC_HAZARD,sampled from modelled failure hazard
EV00295,BGW-020,2022-07-17T23:44,HIGH_IMPACT,high,SYNTHETIC_RULE,137 consecutive days
EV00296,BGW-020,2022-12-09T04:07,HIGH_IMPACT,high,SYNTHETIC_RULE,130 consecutive days
EV00297,BGW-020,2022-08-27T13:04,ROD_PART,critical,SYNTHETIC_HAZARD,sampled from modelled failure hazard
EV00298,BGW-020,2023-05-12T04:12,HIGH_IMPACT,high,SYNTHETIC_RULE,140 consecutive days
EV00299,BGW-020,2023-09-29T11:12,HIGH_IMPACT,high,SYNTHETIC_RULE,126 consecutive days
EV00300,BGW-020,2024-03-01T17:13,HIGH_IMPACT,high,SYNTHETIC_RULE,141 consecutive days
EV00301,BGW-020,2023-12-20T06:15,ROD_PART,critical,SYNTHETIC_HAZARD,sampled from modelled failure hazard
EV00302,BGW-020,2024-08-02T11:41,HIGH_IMPACT,high,SYNTHETIC_RULE,139 consecutive days
EV00303,BGW-020,2024-04-29T10:27,ROD_PART,critical,SYNTHETIC_HAZARD,sampled from modelled failure hazard
EV00304,BGW-021,2020-03-12T23:57,HIGH_IMPACT,high,SYNTHETIC_RULE,150 consecutive days
EV00305,BGW-021,2020-08-12T04:52,HIGH_IMPACT,high,SYNTHETIC_RULE,142 consecutive days
EV00306,BGW-021,2020-12-27T04:37,HIGH_IMPACT,high,SYNTHETIC_RULE,125 consecutive days
EV00307,BGW-021,2021-05-06T23:23,HIGH_IMPACT,high,SYNTHETIC_RULE,118 consecutive days
EV00308,BGW-021,2021-04-20T09:57,ROD_PART,critical,SYNTHETIC_HAZARD,sampled from modelled failure hazard
EV00309,BGW-021,2021-09-11T07:19,HIGH_IMPACT,high,SYNTHETIC_RULE,114 consecutive days
EV00310,BGW-021,2022-01-16T12:10,HIGH_IMPACT,high,SYNTHETIC_RULE,114 consecutive days
EV00311,BGW-021,2022-06-07T06:51,HIGH_IMPACT,high,SYNTHETIC_RULE,129 consecutive days
EV00312,BGW-021,2022-03-31T11:09,PUMP_WEAR,critical,SYNTHETIC_HAZARD,sampled from modelled failure hazard
EV00313,BGW-021,2022-10-12T00:08,HIGH_IMPACT,high,SYNTHETIC_RULE,114 consecutive days
EV00314,BGW-021,2023-02-18T02:12,HIGH_IMPACT,high,SYNTHETIC_RULE,119 consecutive days
EV00315,BGW-021,2023-07-22T06:56,HIGH_IMPACT,high,SYNTHETIC_RULE,143 consecutive days
EV00316,BGW-021,2023-06-25T19:19,ROD_PART,critical,SYNTHETIC_HAZARD,sampled from modelled failure hazard
EV00317,BGW-021,2023-12-02T06:31,HIGH_IMPACT,high,SYNTHETIC_RULE,121 consecutive days
EV00318,BGW-021,2024-05-05T03:14,HIGH_IMPACT,high,SYNTHETIC_RULE,143 consecutive days
EV00319,BGW-022,2020-02-14T00:33,HIGH_IMPACT,high,SYNTHETIC_RULE,123 consecutive days
EV00320,BGW-022,2020-07-20T12:00,HIGH_IMPACT,high,SYNTHETIC_RULE,145 consecutive days
EV00321,BGW-022,2020-11-30T11:24,HIGH_IMPACT,high,SYNTHETIC_RULE,121 consecutive days
EV00322,BGW-022,2021-05-03T08:12,HIGH_IMPACT,high,SYNTHETIC_RULE,143 consecutive days
EV00323,BGW-022,2021-02-05T04:55,ROD_PART,critical,SYNTHETIC_HAZARD,sampled from modelled failure hazard
EV00324,BGW-022,2021-10-09T20:20,HIGH_IMPACT,high,SYNTHETIC_RULE,148 consecutive days
EV00325,BGW-022,2022-02-20T18:37,HIGH_IMPACT,high,SYNTHETIC_RULE,122 consecutive days
EV00326,BGW-022,2022-07-02T17:36,HIGH_IMPACT,high,SYNTHETIC_RULE,122 consecutive days
EV00327,BGW-022,2022-04-12T03:51,ROD_PART,critical,SYNTHETIC_HAZARD,sampled from modelled failure hazard
EV00328,BGW-022,2022-11-10T17:43,HIGH_IMPACT,high,SYNTHETIC_RULE,120 consecutive days
EV00329,BGW-022,2023-04-04T23:27,HIGH_IMPACT,high,SYNTHETIC_RULE,133 consecutive days
EV00330,BGW-022,2023-03-05T03:40,PUMP_WEAR,critical,SYNTHETIC_HAZARD,sampled from modelled failure hazard
EV00331,BGW-022,2023-08-12T13:24,HIGH_IMPACT,high,SYNTHETIC_RULE,119 consecutive days
EV00332,BGW-022,2023-12-27T11:01,HIGH_IMPACT,high,SYNTHETIC_RULE,127 consecutive days
EV00333,BGW-022,2024-05-09T15:56,HIGH_IMPACT,high,SYNTHETIC_RULE,124 consecutive days
EV00334,BGW-023,2020-03-18T11:54,HIGH_IMPACT,high,SYNTHETIC_RULE,141 consecutive days
EV00335,BGW-023,2020-09-28T11:30,HIGH_IMPACT,high,SYNTHETIC_RULE,169 consecutive days
EV00336,BGW-023,2021-04-09T22:43,HIGH_IMPACT,high,SYNTHETIC_RULE,169 consecutive days
EV00337,BGW-023,2021-09-27T04:29,HIGH_IMPACT,high,SYNTHETIC_RULE,158 consecutive days
EV00338,BGW-023,2021-06-24T21:34,ROD_PART,critical,SYNTHETIC_HAZARD,sampled from modelled failure hazard
EV00339,BGW-023,2022-04-09T23:01,HIGH_IMPACT,high,SYNTHETIC_RULE,183 consecutive days
EV00340,BGW-023,2022-10-27T00:51,HIGH_IMPACT,high,SYNTHETIC_RULE,188 consecutive days
EV00341,BGW-023,2022-06-12T09:04,ROD_PART,critical,SYNTHETIC_HAZARD,sampled from modelled failure hazard
EV00342,BGW-023,2023-04-29T11:30,HIGH_IMPACT,high,SYNTHETIC_RULE,172 consecutive days
EV00343,BGW-023,2023-11-08T23:41,HIGH_IMPACT,high,SYNTHETIC_RULE,180 consecutive days
EV00344,BGW-023,2023-09-23T05:19,PUMP_WEAR,critical,SYNTHETIC_HAZARD,sampled from modelled failure hazard
EV00345,BGW-023,2024-06-02T01:41,HIGH_IMPACT,high,SYNTHETIC_RULE,193 consecutive days
EV00346,BGW-023,2024-12-02T07:09,HIGH_IMPACT,high,SYNTHETIC_RULE,171 consecutive days
EV00347,BGW-023,2025-05-27T05:24,HIGH_IMPACT,high,SYNTHETIC_RULE,164 consecutive days
EV00348,BGW-023,2025-11-23T09:56,HIGH_IMPACT,high,SYNTHETIC_RULE,168 consecutive days
EV00349,BGW-023,2025-11-20T13:19,ROD_PART,critical,SYNTHETIC_HAZARD,sampled from modelled failure hazard
EV00350,BGW-024,2020-03-06T13:45,HIGH_IMPACT,high,SYNTHETIC_RULE,144 consecutive days
EV00351,BGW-024,2020-02-27T07:23,PUMP_WEAR,critical,SYNTHETIC_HAZARD,sampled from modelled failure hazard
EV00352,BGW-024,2020-08-09T11:20,HIGH_IMPACT,high,SYNTHETIC_RULE,145 consecutive days
EV00353,BGW-024,2020-07-09T20:41,PUMP_WEAR,critical,SYNTHETIC_HAZARD,sampled from modelled failure hazard
EV00354,BGW-024,2020-12-29T14:14,HIGH_IMPACT,high,SYNTHETIC_RULE,129 consecutive days
EV00355,BGW-024,2020-11-22T06:14,ROD_PART,critical,SYNTHETIC_HAZARD,sampled from modelled failure hazard
EV00356,BGW-024,2021-06-25T03:41,HIGH_IMPACT,high,SYNTHETIC_RULE,166 consecutive days
EV00357,BGW-024,2021-02-28T06:47,ROD_PART,critical,SYNTHETIC_HAZARD,sampled from modelled failure hazard
EV00358,BGW-024,2021-11-15T02:25,HIGH_IMPACT,high,SYNTHETIC_RULE,130 consecutive days
EV00359,BGW-024,2022-05-11T20:57,HIGH_IMPACT,high,SYNTHETIC_RULE,166 consecutive days
EV00360,BGW-024,2021-12-24T17:36,PUMP_WEAR,critical,SYNTHETIC_HAZARD,sampled from modelled failure hazard
EV00361,BGW-024,2022-11-01T10:28,HIGH_IMPACT,high,SYNTHETIC_RULE,161 consecutive days
EV00362,BGW-024,2023-04-14T21:46,HIGH_IMPACT,high,SYNTHETIC_RULE,154 consecutive days
EV00363,BGW-024,2023-09-23T09:26,HIGH_IMPACT,high,SYNTHETIC_RULE,149 consecutive days
EV00364,BGW-024,2024-02-28T06:24,HIGH_IMPACT,high,SYNTHETIC_RULE,146 consecutive days
EV00365,BGW-024,2023-11-13T22:35,ROD_PART,critical,SYNTHETIC_HAZARD,sampled from modelled failure hazard
EV00366,BGW-024,2024-07-22T01:30,HIGH_IMPACT,high,SYNTHETIC_RULE,133 consecutive days
EV00367,BGW-024,2024-04-22T15:08,ROD_PART,critical,SYNTHETIC_HAZARD,sampled from modelled failure hazard
EV00368,BGW-024,2024-12-31T00:52,HIGH_IMPACT,high,SYNTHETIC_RULE,151 consecutive days
EV00369,BGW-025,2020-03-10T23:25,LOW_FILLAGE,medium,SYNTHETIC_RULE,147 consecutive days
EV00370,BGW-025,2020-09-10T08:53,LOW_FILLAGE,medium,SYNTHETIC_RULE,171 consecutive days
EV00371,BGW-025,2020-07-15T13:40,ROD_PART,critical,SYNTHETIC_HAZARD,sampled from modelled failure hazard
EV00372,BGW-025,2021-03-12T08:10,LOW_FILLAGE,medium,SYNTHETIC_RULE,170 consecutive days
EV00373,BGW-025,2021-09-09T01:51,LOW_FILLAGE,medium,SYNTHETIC_RULE,168 consecutive days
EV00374,BGW-025,2021-08-21T20:29,ROD_PART,critical,SYNTHETIC_HAZARD,sampled from modelled failure hazard
EV00375,BGW-025,2022-03-07T22:58,LOW_FILLAGE,medium,SYNTHETIC_RULE,165 consecutive days
EV00376,BGW-025,2021-12-08T12:08,ROD_PART,critical,SYNTHETIC_HAZARD,sampled from modelled failure hazard
EV00377,BGW-025,2022-07-26T06:27,LOW_FILLAGE,medium,SYNTHETIC_RULE,128 consecutive days
EV00378,BGW-025,2023-01-03T17:20,LOW_FILLAGE,medium,SYNTHETIC_RULE,150 consecutive days
EV00379,BGW-025,2022-11-18T20:47,PUMP_WEAR,critical,SYNTHETIC_HAZARD,sampled from modelled failure hazard
EV00380,BGW-025,2023-06-29T19:02,LOW_FILLAGE,medium,SYNTHETIC_RULE,164 consecutive days
EV00381,BGW-025,2023-12-17T09:57,LOW_FILLAGE,medium,SYNTHETIC_RULE,156 consecutive days
EV00382,BGW-025,2024-05-24T05:08,LOW_FILLAGE,medium,SYNTHETIC_RULE,144 consecutive days
EV00383,BGW-025,2024-04-06T22:40,PUMP_WEAR,critical,SYNTHETIC_HAZARD,sampled from modelled failure hazard
EV00384,BGW-025,2024-10-25T12:01,LOW_FILLAGE,medium,SYNTHETIC_RULE,142 consecutive days
EV00385,BGW-025,2025-03-16T14:48,LOW_FILLAGE,medium,SYNTHETIC_RULE,130 consecutive days
EV00386,BGW-026,2020-03-29T02:52,LOW_FILLAGE,medium,SYNTHETIC_RULE,168 consecutive days
EV00387,BGW-026,2020-10-11T08:43,LOW_FILLAGE,medium,SYNTHETIC_RULE,187 consecutive days
EV00388,BGW-026,2020-09-11T10:12,PUMP_WEAR,critical,SYNTHETIC_HAZARD,sampled from modelled failure hazard
EV00389,BGW-026,2021-04-12T10:00,LOW_FILLAGE,medium,SYNTHETIC_RULE,173 consecutive days
EV00390,BGW-026,2021-09-26T16:20,LOW_FILLAGE,medium,SYNTHETIC_RULE,157 consecutive days
EV00391,BGW-026,2021-09-12T16:08,ROD_PART,critical,SYNTHETIC_HAZARD,sampled from modelled failure hazard
EV00392,BGW-026,2022-04-06T15:42,LOW_FILLAGE,medium,SYNTHETIC_RULE,180 consecutive days
EV00393,BGW-026,2022-10-27T19:03,LOW_FILLAGE,medium,SYNTHETIC_RULE,194 consecutive days
EV00394,BGW-026,2022-10-18T03:26,PUMP_WEAR,critical,SYNTHETIC_HAZARD,sampled from modelled failure hazard
EV00395,BGW-026,2023-04-07T14:29,LOW_FILLAGE,medium,SYNTHETIC_RULE,151 consecutive days
EV00396,BGW-026,2023-10-31T23:30,LOW_FILLAGE,medium,SYNTHETIC_RULE,195 consecutive days
EV00397,BGW-026,2024-05-03T02:40,LOW_FILLAGE,medium,SYNTHETIC_RULE,172 consecutive days
EV00398,BGW-026,2024-01-28T14:36,ROD_PART,critical,SYNTHETIC_HAZARD,sampled from modelled failure hazard
EV00399,BGW-026,2024-10-08T03:31,LOW_FILLAGE,medium,SYNTHETIC_RULE,146 consecutive days
EV00400,BGW-026,2025-04-23T02:35,LOW_FILLAGE,medium,SYNTHETIC_RULE,187 consecutive days
EV00401,BGW-026,2025-10-20T14:11,LOW_FILLAGE,medium,SYNTHETIC_RULE,169 consecutive days
EV00402,BGW-027,2020-04-20T02:17,LOW_FILLAGE,medium,SYNTHETIC_RULE,152 consecutive days
EV00403,BGW-027,2020-11-05T01:26,LOW_FILLAGE,medium,SYNTHETIC_RULE,159 consecutive days
EV00404,BGW-027,2021-05-14T14:46,LOW_FILLAGE,medium,SYNTHETIC_RULE,155 consecutive days
EV00405,BGW-027,2021-12-09T09:44,LOW_FILLAGE,medium,SYNTHETIC_RULE,172 consecutive days
EV00406,BGW-027,2021-09-10T12:21,PUMP_WEAR,critical,SYNTHETIC_HAZARD,sampled from modelled failure hazard
EV00407,BGW-027,2022-06-08T21:47,LOW_FILLAGE,medium,SYNTHETIC_RULE,167 consecutive days
EV00408,BGW-027,2022-11-19T23:08,LOW_FILLAGE,medium,SYNTHETIC_RULE,148 consecutive days
EV00409,BGW-027,2023-05-14T08:18,LOW_FILLAGE,medium,SYNTHETIC_RULE,159 consecutive days
EV00410,BGW-027,2023-11-12T04:23,LOW_FILLAGE,medium,SYNTHETIC_RULE,166 consecutive days
EV00411,BGW-027,2024-05-05T04:14,LOW_FILLAGE,medium,SYNTHETIC_RULE,162 consecutive days
EV00412,BGW-027,2024-02-03T08:13,PUMP_WEAR,critical,SYNTHETIC_HAZARD,sampled from modelled failure hazard
EV00413,BGW-027,2024-10-29T23:03,LOW_FILLAGE,medium,SYNTHETIC_RULE,163 consecutive days
EV00414,BGW-027,2025-04-30T01:24,LOW_FILLAGE,medium,SYNTHETIC_RULE,167 consecutive days
EV00415,BGW-027,2025-11-02T19:08,LOW_FILLAGE,medium,SYNTHETIC_RULE,171 consecutive days
EV00416,BGW-028,2020-04-05T09:37,HIGH_IMPACT,high,SYNTHETIC_RULE,156 consecutive days
EV00417,BGW-028,2020-03-06T01:11,PUMP_WEAR,critical,SYNTHETIC_HAZARD,sampled from modelled failure hazard
EV00418,BGW-028,2020-09-18T14:30,HIGH_IMPACT,high,SYNTHETIC_RULE,150 consecutive days
EV00419,BGW-028,2021-04-01T03:29,HIGH_IMPACT,high,SYNTHETIC_RULE,178 consecutive days
EV00420,BGW-028,2021-10-05T22:48,HIGH_IMPACT,high,SYNTHETIC_RULE,173 consecutive days
EV00421,BGW-028,2022-05-02T09:27,HIGH_IMPACT,high,SYNTHETIC_RULE,192 consecutive days
EV00422,BGW-028,2022-01-20T09:47,PUMP_WEAR,critical,SYNTHETIC_HAZARD,sampled from modelled failure hazard
EV00423,BGW-028,2022-11-02T18:02,HIGH_IMPACT,high,SYNTHETIC_RULE,169 consecutive days
EV00424,BGW-028,2023-05-04T22:48,HIGH_IMPACT,high,SYNTHETIC_RULE,170 consecutive days
EV00425,BGW-028,2023-10-23T21:21,HIGH_IMPACT,high,SYNTHETIC_RULE,157 consecutive days
EV00426,BGW-028,2024-05-16T08:26,HIGH_IMPACT,high,SYNTHETIC_RULE,190 consecutive days
EV00427,BGW-028,2024-11-24T01:56,HIGH_IMPACT,high,SYNTHETIC_RULE,177 consecutive days
EV00428,BGW-028,2025-05-28T16:25,HIGH_IMPACT,high,SYNTHETIC_RULE,169 consecutive days
EV00429,BGW-028,2025-12-11T21:59,HIGH_IMPACT,high,SYNTHETIC_RULE,184 consecutive days
EV00430,BGW-029,2020-02-07T11:54,LOW_FILLAGE,medium,SYNTHETIC_RULE,103 consecutive days
EV00431,BGW-029,2020-06-18T17:47,LOW_FILLAGE,medium,SYNTHETIC_RULE,121 consecutive days
EV00432,BGW-029,2020-11-09T11:27,LOW_FILLAGE,medium,SYNTHETIC_RULE,131 consecutive days
EV00433,BGW-029,2021-03-29T21:02,LOW_FILLAGE,medium,SYNTHETIC_RULE,130 consecutive days
EV00434,BGW-029,2021-01-09T08:34,ROD_PART,critical,SYNTHETIC_HAZARD,sampled from modelled failure hazard
EV00435,BGW-029,2021-08-24T12:40,LOW_FILLAGE,medium,SYNTHETIC_RULE,138 consecutive days
EV00436,BGW-029,2022-01-20T11:23,LOW_FILLAGE,medium,SYNTHETIC_RULE,136 consecutive days
EV00437,BGW-029,2022-06-02T17:04,LOW_FILLAGE,medium,SYNTHETIC_RULE,122 consecutive days
EV00438,BGW-029,2022-10-24T06:50,LOW_FILLAGE,medium,SYNTHETIC_RULE,131 consecutive days
EV00439,BGW-029,2023-02-24T04:02,LOW_FILLAGE,medium,SYNTHETIC_RULE,112 consecutive days
EV00440,BGW-029,2023-07-31T20:56,LOW_FILLAGE,medium,SYNTHETIC_RULE,148 consecutive days
EV00441,BGW-029,2023-05-30T21:11,ROD_PART,critical,SYNTHETIC_HAZARD,sampled from modelled failure hazard
EV00442,BGW-029,2023-12-16T20:26,LOW_FILLAGE,medium,SYNTHETIC_RULE,126 consecutive days
EV00443,BGW-029,2023-08-29T05:38,PUMP_WEAR,critical,SYNTHETIC_HAZARD,sampled from modelled failure hazard
EV00444,BGW-029,2024-05-04T04:25,LOW_FILLAGE,medium,SYNTHETIC_RULE,130 consecutive days
EV00445,BGW-030,2020-03-14T14:59,HIGH_IMPACT,high,SYNTHETIC_RULE,151 consecutive days
EV00446,BGW-030,2020-08-06T16:26,HIGH_IMPACT,high,SYNTHETIC_RULE,132 consecutive days
EV00447,BGW-030,2020-06-20T10:23,PUMP_WEAR,critical,SYNTHETIC_HAZARD,sampled from modelled failure hazard
EV00448,BGW-030,2021-02-04T16:31,HIGH_IMPACT,high,SYNTHETIC_RULE,169 consecutive days
EV00449,BGW-030,2020-11-29T03:53,PUMP_WEAR,critical,SYNTHETIC_HAZARD,sampled from modelled failure hazard
EV00450,BGW-030,2021-07-24T10:48,HIGH_IMPACT,high,SYNTHETIC_RULE,156 consecutive days
EV00451,BGW-030,2021-12-27T15:02,HIGH_IMPACT,high,SYNTHETIC_RULE,144 consecutive days
EV00452,BGW-030,2021-10-14T17:13,ROD_PART,critical,SYNTHETIC_HAZARD,sampled from modelled failure hazard
EV00453,BGW-030,2022-05-23T10:21,HIGH_IMPACT,high,SYNTHETIC_RULE,134 consecutive days
EV00454,BGW-030,2022-02-21T08:52,PUMP_WEAR,critical,SYNTHETIC_HAZARD,sampled from modelled failure hazard
EV00455,BGW-030,2022-10-19T21:29,HIGH_IMPACT,high,SYNTHETIC_RULE,137 consecutive days
EV00456,BGW-030,2023-04-16T20:47,HIGH_IMPACT,high,SYNTHETIC_RULE,166 consecutive days
EV00457,BGW-030,2023-09-15T18:29,HIGH_IMPACT,high,SYNTHETIC_RULE,139 consecutive days
EV00458,BGW-030,2023-08-27T03:37,ROD_PART,critical,SYNTHETIC_HAZARD,sampled from modelled failure hazard
EV00459,BGW-030,2024-03-03T20:06,HIGH_IMPACT,high,SYNTHETIC_RULE,158 consecutive days
EV00460,BGW-030,2024-01-22T23:28,ROD_PART,critical,SYNTHETIC_HAZARD,sampled from modelled failure hazard
EV00461,BGW-030,2024-08-30T23:51,HIGH_IMPACT,high,SYNTHETIC_RULE,167 consecutive days
EV00462,BGW-030,2024-04-06T04:47,ROD_PART,critical,SYNTHETIC_HAZARD,sampled from modelled failure hazard
EV00463,BGW-030,2025-01-26T15:01,HIGH_IMPACT,high,SYNTHETIC_RULE,136 consecutive days
