well_id,depth_m,formation,completion_type,vit_flag,pump_type,pump_diameter_in,net_pay_m,permeability_md,porosity,pump_depth_m,notes
BGW-001,1061.2,Jodhpur Sandstone,thermal (VIT),True,insert SRP,2.25,20.0,887.0,0.19,986,SYNTHETIC well; geometry sampled inside the HISTORICAL_REFERENCE envelope (S4)
BGW-002,1109.5,Jodhpur Sandstone,thermal (VIT),True,insert SRP,2.25,18.1,656.0,0.19,996,SYNTHETIC well; geometry sampled inside the HISTORICAL_REFERENCE envelope (S4)
BGW-003,1219.2,Jodhpur Sandstone,thermal (VIT),True,insert SRP,2.25,15.7,670.0,0.19,1109,SYNTHETIC well; geometry sampled inside the HISTORICAL_REFERENCE envelope (S4)
BGW-004,1176.8,Jodhpur Sandstone,thermal (VIT),True,insert SRP,2.25,15.6,905.0,0.19,1125,SYNTHETIC well; geometry sampled inside the HISTORICAL_REFERENCE envelope (S4)
BGW-005,1215.6,Jodhpur Sandstone,thermal (VIT),True,insert SRP,2.25,16.4,653.0,0.19,1158,SYNTHETIC well; geometry sampled inside the HISTORICAL_REFERENCE envelope (S4)
BGW-006,1277.3,Jodhpur Sandstone,thermal (VIT),True,insert SRP,2.25,17.7,916.0,0.19,1223,SYNTHETIC well; geometry sampled inside the HISTORICAL_REFERENCE envelope (S4)
BGW-007,1068.8,Jodhpur Sandstone,thermal (VIT),True,insert SRP,2.25,16.7,907.0,0.19,999,SYNTHETIC well; geometry sampled inside the HISTORICAL_REFERENCE envelope (S4)
BGW-008,1260.7,Jodhpur Sandstone,thermal (VIT),True,insert SRP,2.25,17.9,720.0,0.19,1148,SYNTHETIC well; geometry sampled inside the HISTORICAL_REFERENCE envelope (S4)
BGW-009,1156.3,Jodhpur Sandstone,thermal (VIT),True,insert SRP,2.25,12.1,885.0,0.19,1098,SYNTHETIC well; geometry sampled inside the HISTORICAL_REFERENCE envelope (S4)
BGW-010,1138.2,Jodhpur Sandstone,thermal (VIT),True,insert SRP,2.25,21.5,695.0,0.19,1026,SYNTHETIC well; geometry sampled inside the HISTORICAL_REFERENCE envelope (S4)
BGW-011,1075.8,Jodhpur Sandstone,thermal (VIT),True,insert SRP,2.25,17.2,750.0,0.19,978,SYNTHETIC well; geometry sampled inside the HISTORICAL_REFERENCE envelope (S4)
BGW-012,1109.0,Jodhpur Sandstone,thermal (VIT),True,insert SRP,2.25,20.4,920.0,0.19,1016,SYNTHETIC well; geometry sampled inside the HISTORICAL_REFERENCE envelope (S4)
BGW-013,1074.2,Jodhpur Sandstone,thermal (VIT),True,insert SRP,2.25,19.6,744.0,0.19,970,SYNTHETIC well; geometry sampled inside the HISTORICAL_REFERENCE envelope (S4)
BGW-014,1118.1,Jodhpur Sandstone,thermal (VIT),True,insert SRP,2.25,13.9,687.0,0.19,1024,SYNTHETIC well; geometry sampled inside the HISTORICAL_REFERENCE envelope (S4)
BGW-015,1200.5,Jodhpur Sandstone,thermal (VIT),True,insert SRP,2.25,17.7,667.0,0.19,1156,SYNTHETIC well; geometry sampled inside the HISTORICAL_REFERENCE envelope (S4)
BGW-016,1258.4,Jodhpur Sandstone,thermal (VIT),True,insert SRP,2.25,13.3,879.0,0.19,1167,SYNTHETIC well; geometry sampled inside the HISTORICAL_REFERENCE envelope (S4)
BGW-017,1135.2,Jodhpur Sandstone,thermal (VIT),True,insert SRP,2.25,20.7,853.0,0.19,1078,SYNTHETIC well; geometry sampled inside the HISTORICAL_REFERENCE envelope (S4)
BGW-018,1083.3,Jodhpur Sandstone,thermal (VIT),True,insert SRP,2.25,13.3,733.0,0.19,1000,SYNTHETIC well; geometry sampled inside the HISTORICAL_REFERENCE envelope (S4)
BGW-019,1193.2,Jodhpur Sandstone,thermal (VIT),True,insert SRP,2.25,12.8,705.0,0.19,1147,SYNTHETIC well; geometry sampled inside the HISTORICAL_REFERENCE envelope (S4)
BGW-020,1160.0,Jodhpur Sandstone,thermal (VIT),True,insert SRP,2.25,15.8,909.0,0.19,1054,SYNTHETIC well; geometry sampled inside the HISTORICAL_REFERENCE envelope (S4)
BGW-021,1121.2,Jodhpur Sandstone,thermal (VIT),True,insert SRP,2.25,19.5,788.0,0.19,1030,SYNTHETIC well; geometry sampled inside the HISTORICAL_REFERENCE envelope (S4)
BGW-022,1207.5,Jodhpur Sandstone,thermal (VIT),True,insert SRP,2.25,19.6,665.0,0.19,1134,SYNTHETIC well; geometry sampled inside the HISTORICAL_REFERENCE envelope (S4)
BGW-023,1147.7,Jodhpur Sandstone,thermal (VIT),True,insert SRP,2.25,21.2,891.0,0.19,1096,SYNTHETIC well; geometry sampled inside the HISTORICAL_REFERENCE envelope (S4)
BGW-024,1086.9,Jodhpur Sandstone,thermal (VIT),True,insert SRP,2.25,17.7,662.0,0.19,1029,SYNTHETIC well; geometry sampled inside the HISTORICAL_REFERENCE envelope (S4)
BGW-025,1225.5,Jodhpur Sandstone,thermal (VIT),True,insert SRP,2.25,12.6,759.0,0.19,1154,SYNTHETIC well; geometry sampled inside the HISTORICAL_REFERENCE envelope (S4)
BGW-026,1257.9,Jodhpur Sandstone,thermal (VIT),True,insert SRP,2.25,13.8,769.0,0.19,1177,SYNTHETIC well; geometry sampled inside the HISTORICAL_REFERENCE envelope (S4)
BGW-027,1091.4,Jodhpur Sandstone,thermal (VIT),True,insert SRP,2.25,21.8,640.0,0.19,1011,SYNTHETIC well; geometry sampled inside the HISTORICAL_REFERENCE envelope (S4)
BGW-028,1114.4,Jodhpur Sandstone,thermal (VIT),True,insert SRP,2.25,20.8,763.0,0.19,1006,SYNTHETIC well; geometry sampled inside the HISTORICAL_REFERENCE envelope (S4)
BGW-029,1271.5,Jodhpur Sandstone,thermal (VIT),True,insert SRP,2.25,15.3,809.0,0.19,1154,SYNTHETIC well; geometry sampled inside the HISTORICAL_REFERENCE envelope (S4)
BGW-030,1278.6,Jodhpur Sandstone,thermal (VIT),True,insert SRP,2.25,16.2,752.0,0.19,1222,SYNTHETIC well; geometry sampled inside the HISTORICAL_REFERENCE envelope (S4)
