prod_day,oil_rate_m3d,water_rate_m3d,wellhead_temp_c,spm
0,1.366,8.951,31.71,5.00
1,1.414,8.873,32.00,5.00
2,1.343,8.798,32.55,5.00
3,1.385,8.793,32.80,5.00
4,1.350,8.528,32.94,5.00
5,1.314,8.524,33.17,5.00
6,1.330,8.361,33.52,5.00
7,1.333,8.061,32.39,5.00
8,1.323,8.249,33.20,5.00
9,1.338,8.041,33.39,5.00
10,1.321,8.067,32.42,5.00
11,1.311,8.146,32.74,5.00
12,1.305,7.995,32.45,5.00
13,1.314,7.948,33.15,5.00
14,1.289,7.584,31.58,5.00
15,1.283,7.753,33.02,5.00
16,1.280,7.799,32.84,5.00
17,1.291,7.381,32.71,5.00
18,1.260,7.551,32.90,5.00
19,1.274,7.354,32.96,5.00
20,1.302,7.303,32.49,5.00
21,1.275,7.298,32.05,5.00
22,1.275,7.084,32.66,5.00
23,1.275,7.260,32.86,5.00
24,1.230,7.101,31.81,5.00
25,1.240,6.885,33.35,5.00
